store_id,state_id,cat_id,dept_id,item_id,year_month,total_units,avg_price,days_with_sales,max_daily_units,has_promotion,total_revenue
CA_1,CA,FOODS,FOODS_2,FOODS_2_380,2015-04,8,4.97,3,4,False,39.76
CA_1,CA,FOODS,FOODS_2,FOODS_2_380,2015-05,48,4.97,26,7,True,238.56
CA_1,CA,FOODS,FOODS_2,FOODS_2_380,2015-06,41,4.97,23,4,True,203.77
CA_1,CA,FOODS,FOODS_2,FOODS_2_380,2015-07,58,4.97,25,6,True,288.26
CA_1,CA,FOODS,FOODS_2,FOODS_2_380,2015-08,79,4.97,28,8,False,392.63
CA_1,CA,FOODS,FOODS_2,FOODS_2_380,2015-09,38,4.97,23,4,True,188.86
CA_1,CA,FOODS,FOODS_2,FOODS_2_380,2015-10,47,4.97,22,7,True,233.59
CA_1,CA,FOODS,FOODS_2,FOODS_2_380,2015-11,48,4.97,23,5,True,238.56
CA_1,CA,FOODS,FOODS_2,FOODS_2_380,2015-12,43,4.97,25,3,True,213.71
CA_1,CA,FOODS,FOODS_2,FOODS_2_380,2016-01,52,4.97,25,5,True,258.44
CA_1,CA,FOODS,FOODS_2,FOODS_2_380,2016-02,36,4.97,16,5,True,178.92
CA_1,CA,FOODS,FOODS_2,FOODS_2_380,2016-03,51,4.97,26,5,True,253.47
CA_1,CA,FOODS,FOODS_2,FOODS_2_380,2016-04,21,4.97,12,5,False,104.37
CA_1,CA,FOODS,FOODS_3,FOODS_3_017,2015-04,1,1.98,1,1,False,1.98
CA_1,CA,FOODS,FOODS_3,FOODS_3_017,2015-05,7,1.98,7,1,True,13.86
CA_1,CA,FOODS,FOODS_3,FOODS_3_017,2015-06,6,1.98,5,2,True,11.88
CA_1,CA,FOODS,FOODS_3,FOODS_3_017,2015-07,6,1.98,6,1,True,11.88
CA_1,CA,FOODS,FOODS_3,FOODS_3_017,2015-08,9,1.98,9,1,False,17.82
CA_1,CA,FOODS,FOODS_3,FOODS_3_017,2015-09,3,1.98,3,1,True,5.94
CA_1,CA,FOODS,FOODS_3,FOODS_3_017,2015-10,8,1.98,7,2,True,15.84
CA_1,CA,FOODS,FOODS_3,FOODS_3_017,2015-11,3,1.98,3,1,True,5.94
CA_1,CA,FOODS,FOODS_3,FOODS_3_017,2015-12,6,1.98,5,2,True,11.88
CA_1,CA,FOODS,FOODS_3,FOODS_3_017,2016-01,1,1.98,1,1,True,1.98
CA_1,CA,FOODS,FOODS_3,FOODS_3_017,2016-03,7,1.98,6,2,True,13.86
CA_1,CA,FOODS,FOODS_3,FOODS_3_017,2016-04,2,1.98,2,1,False,3.96
CA_1,CA,FOODS,FOODS_3,FOODS_3_142,2015-04,4,3.98,3,2,False,15.92
CA_1,CA,FOODS,FOODS_3,FOODS_3_142,2015-05,48,3.98,18,7,True,191.04
CA_1,CA,FOODS,FOODS_3,FOODS_3_142,2015-06,57,3.98,22,7,True,226.86
CA_1,CA,FOODS,FOODS_3,FOODS_3_142,2015-07,56,3.98,20,16,True,222.88
CA_1,CA,FOODS,FOODS_3,FOODS_3_142,2015-08,66,3.98,17,18,False,262.68
CA_1,CA,FOODS,FOODS_3,FOODS_3_142,2015-09,62,3.98,20,18,True,246.76
CA_1,CA,FOODS,FOODS_3,FOODS_3_142,2015-10,38,3.98,17,9,True,151.24
CA_1,CA,FOODS,FOODS_3,FOODS_3_142,2015-11,33,3.98,12,8,True,131.34
CA_1,CA,FOODS,FOODS_3,FOODS_3_142,2015-12,25,3.98,15,4,True,99.5
CA_1,CA,FOODS,FOODS_3,FOODS_3_142,2016-01,37,3.98,18,5,True,147.26
CA_1,CA,FOODS,FOODS_3,FOODS_3_142,2016-02,38,3.98,18,8,True,151.24
CA_1,CA,FOODS,FOODS_3,FOODS_3_142,2016-03,43,3.98,19,5,True,171.14
CA_1,CA,FOODS,FOODS_3,FOODS_3_142,2016-04,58,3.98,15,10,False,230.84
CA_1,CA,FOODS,FOODS_3,FOODS_3_525,2015-04,6,2.0,4,2,False,12.0
CA_1,CA,FOODS,FOODS_3,FOODS_3_525,2015-05,38,2.0,22,6,True,76.0
CA_1,CA,FOODS,FOODS_3,FOODS_3_525,2015-06,47,2.0,17,5,True,94.0
CA_1,CA,FOODS,FOODS_3,FOODS_3_525,2015-07,59,2.0,26,5,True,118.0
CA_1,CA,FOODS,FOODS_3,FOODS_3_525,2015-08,62,2.0,28,5,False,124.0
CA_1,CA,FOODS,FOODS_3,FOODS_3_525,2015-09,74,2.0,27,7,True,148.0
CA_1,CA,FOODS,FOODS_3,FOODS_3_525,2015-10,57,2.0,26,5,True,114.0
CA_1,CA,FOODS,FOODS_3,FOODS_3_525,2015-11,33,2.0,21,3,True,66.0
CA_1,CA,FOODS,FOODS_3,FOODS_3_525,2015-12,62,2.0,27,5,True,124.0
CA_1,CA,FOODS,FOODS_3,FOODS_3_525,2016-01,55,2.0,24,7,True,110.0
CA_1,CA,FOODS,FOODS_3,FOODS_3_525,2016-02,33,2.0,19,5,True,66.0
CA_1,CA,FOODS,FOODS_3,FOODS_3_525,2016-03,50,2.0,22,6,True,100.0
CA_1,CA,FOODS,FOODS_3,FOODS_3_525,2016-04,106,2.0,19,12,False,212.0
CA_1,CA,HOBBIES,HOBBIES_1,HOBBIES_1_242,2015-04,4,2.78,3,2,False,11.12
CA_1,CA,HOBBIES,HOBBIES_1,HOBBIES_1_242,2015-05,30,2.78,22,3,True,83.4
CA_1,CA,HOBBIES,HOBBIES_1,HOBBIES_1_242,2015-06,23,2.78,16,3,True,63.94
CA_1,CA,HOBBIES,HOBBIES_1,HOBBIES_1_242,2015-07,31,2.78,16,3,True,86.18
CA_1,CA,HOBBIES,HOBBIES_1,HOBBIES_1_242,2015-08,23,2.78,15,3,False,63.94
CA_1,CA,HOBBIES,HOBBIES_1,HOBBIES_1_242,2015-09,27,2.78,14,4,True,75.06
CA_1,CA,HOBBIES,HOBBIES_1,HOBBIES_1_242,2015-10,40,2.78,25,4,True,111.2
CA_1,CA,HOBBIES,HOBBIES_1,HOBBIES_1_242,2015-11,31,2.78,18,4,True,86.18
CA_1,CA,HOBBIES,HOBBIES_1,HOBBIES_1_242,2015-12,27,2.78,18,3,True,75.06
CA_1,CA,HOBBIES,HOBBIES_1,HOBBIES_1_242,2016-01,28,2.78,19,3,True,77.84
CA_1,CA,HOBBIES,HOBBIES_1,HOBBIES_1_242,2016-02,30,2.78,16,6,True,83.4
CA_1,CA,HOBBIES,HOBBIES_1,HOBBIES_1_242,2016-03,34,2.78,15,5,True,94.52
CA_1,CA,HOBBIES,HOBBIES_1,HOBBIES_1_242,2016-04,15,2.78,9,3,False,41.7
CA_1,CA,HOBBIES,HOBBIES_2,HOBBIES_2_071,2015-05,10,0.97,5,3,True,9.7
CA_1,CA,HOBBIES,HOBBIES_2,HOBBIES_2_071,2015-06,9,0.97,6,2,True,8.73
CA_1,CA,HOBBIES,HOBBIES_2,HOBBIES_2_071,2015-07,7,0.97,7,1,True,6.79
CA_1,CA,HOBBIES,HOBBIES_2,HOBBIES_2_071,2015-08,13,0.97,11,2,False,12.61
CA_1,CA,HOBBIES,HOBBIES_2,HOBBIES_2_071,2015-09,8,0.97,7,2,True,7.76
CA_1,CA,HOBBIES,HOBBIES_2,HOBBIES_2_071,2015-10,3,0.97,3,1,True,2.91
CA_1,CA,HOBBIES,HOBBIES_2,HOBBIES_2_071,2015-11,7,0.97,5,3,True,6.79
CA_1,CA,HOBBIES,HOBBIES_2,HOBBIES_2_071,2015-12,6,0.97,6,1,True,5.82
CA_1,CA,HOBBIES,HOBBIES_2,HOBBIES_2_071,2016-01,3,0.97,3,1,True,2.91
CA_1,CA,HOBBIES,HOBBIES_2,HOBBIES_2_071,2016-02,6,0.97,3,4,True,5.82
CA_1,CA,HOBBIES,HOBBIES_2,HOBBIES_2_071,2016-03,5,0.97,4,2,True,4.85
CA_1,CA,HOBBIES,HOBBIES_2,HOBBIES_2_108,2015-04,1,2.97,1,1,False,2.97
CA_1,CA,HOBBIES,HOBBIES_2,HOBBIES_2_108,2015-05,4,2.97,4,1,True,11.88
CA_1,CA,HOBBIES,HOBBIES_2,HOBBIES_2_108,2015-06,6,2.97,4,2,True,17.82
CA_1,CA,HOBBIES,HOBBIES_2,HOBBIES_2_108,2015-07,9,2.97,7,3,True,26.73
CA_1,CA,HOBBIES,HOBBIES_2,HOBBIES_2_108,2015-08,5,2.97,5,1,False,14.85
CA_1,CA,HOBBIES,HOBBIES_2,HOBBIES_2_108,2015-09,4,2.97,3,2,True,11.88
CA_1,CA,HOBBIES,HOBBIES_2,HOBBIES_2_108,2015-10,4,2.97,4,1,True,11.88
CA_1,CA,HOBBIES,HOBBIES_2,HOBBIES_2_108,2015-11,3,2.97,2,2,True,8.91
CA_1,CA,HOBBIES,HOBBIES_2,HOBBIES_2_109,2015-05,15,0.97,13,3,True,14.55
CA_1,CA,HOBBIES,HOBBIES_2,HOBBIES_2_109,2015-06,9,0.97,8,2,True,8.73
CA_1,CA,HOBBIES,HOBBIES_2,HOBBIES_2_109,2015-07,13,0.97,12,2,True,12.61
CA_1,CA,HOBBIES,HOBBIES_2,HOBBIES_2_109,2015-08,12,0.97,10,2,False,11.64
CA_1,CA,HOBBIES,HOBBIES_2,HOBBIES_2_109,2015-09,11,0.97,9,2,True,10.67
CA_1,CA,HOBBIES,HOBBIES_2,HOBBIES_2_109,2015-10,17,0.97,16,2,True,16.49
CA_1,CA,HOBBIES,HOBBIES_2,HOBBIES_2_109,2015-11,7,0.97,6,2,True,6.79
CA_1,CA,HOBBIES,HOBBIES_2,HOBBIES_2_109,2015-12,11,0.97,8,2,True,10.67
CA_1,CA,HOBBIES,HOBBIES_2,HOBBIES_2_109,2016-01,8,0.97,6,3,True,7.76
CA_1,CA,HOBBIES,HOBBIES_2,HOBBIES_2_109,2016-02,8,0.97,6,2,True,7.76
CA_1,CA,HOBBIES,HOBBIES_2,HOBBIES_2_109,2016-03,14,0.97,10,2,True,13.58
CA_1,CA,HOBBIES,HOBBIES_2,HOBBIES_2_109,2016-04,10,0.97,9,2,False,9.7
CA_1,CA,HOBBIES,HOBBIES_2,HOBBIES_2_123,2015-04,1,0.5,1,1,False,0.5
CA_1,CA,HOBBIES,HOBBIES_2,HOBBIES_2_123,2015-05,9,0.5,6,3,True,4.5
CA_1,CA,HOBBIES,HOBBIES_2,HOBBIES_2_123,2015-06,8,0.5,8,1,True,4.0
CA_1,CA,HOBBIES,HOBBIES_2,HOBBIES_2_123,2015-07,10,0.5,7,2,True,5.0
CA_1,CA,HOBBIES,HOBBIES_2,HOBBIES_2_123,2015-08,4,0.5,4,1,False,2.0
CA_1,CA,HOBBIES,HOBBIES_2,HOBBIES_2_123,2015-09,7,0.5,5,3,True,3.5
CA_1,CA,HOBBIES,HOBBIES_2,HOBBIES_2_123,2015-10,6,0.5,5,2,True,3.0
CA_1,CA,HOBBIES,HOBBIES_2,HOBBIES_2_123,2016-01,4,0.5,3,2,True,2.0
CA_1,CA,HOBBIES,HOBBIES_2,HOBBIES_2_123,2016-02,3,0.5,3,1,True,1.5
CA_1,CA,HOBBIES,HOBBIES_2,HOBBIES_2_123,2016-03,9,0.5,6,3,True,4.5
CA_1,CA,HOUSEHOLD,HOUSEHOLD_1,HOUSEHOLD_1_033,2015-07,33,4.13,16,5,True,136.29
CA_1,CA,HOUSEHOLD,HOUSEHOLD_1,HOUSEHOLD_1_033,2015-08,60,3.97,28,5,False,238.2
CA_1,CA,HOUSEHOLD,HOUSEHOLD_1,HOUSEHOLD_1_033,2015-09,50,3.97,24,5,True,198.5
CA_1,CA,HOUSEHOLD,HOUSEHOLD_1,HOUSEHOLD_1_033,2015-10,59,3.97,24,7,True,234.23
CA_1,CA,HOUSEHOLD,HOUSEHOLD_1,HOUSEHOLD_1_033,2015-11,63,3.97,20,13,True,250.11
CA_1,CA,HOUSEHOLD,HOUSEHOLD_1,HOUSEHOLD_1_033,2015-12,83,3.97,27,8,True,329.51
CA_1,CA,HOUSEHOLD,HOUSEHOLD_1,HOUSEHOLD_1_033,2016-01,74,3.97,27,7,True,293.78
CA_1,CA,HOUSEHOLD,HOUSEHOLD_1,HOUSEHOLD_1_033,2016-02,47,3.97,25,6,True,186.59
CA_1,CA,HOUSEHOLD,HOUSEHOLD_1,HOUSEHOLD_1_033,2016-03,68,3.97,26,8,True,269.96
CA_1,CA,HOUSEHOLD,HOUSEHOLD_1,HOUSEHOLD_1_033,2016-04,5,3.97,3,2,False,19.85
CA_1,CA,HOUSEHOLD,HOUSEHOLD_1,HOUSEHOLD_1_360,2015-04,2,3.96,2,1,False,7.92
CA_1,CA,HOUSEHOLD,HOUSEHOLD_1,HOUSEHOLD_1_360,2015-05,14,3.96,13,2,True,55.44
CA_1,CA,HOUSEHOLD,HOUSEHOLD_1,HOUSEHOLD_1_360,2015-06,17,3.96,12,3,True,67.32
CA_1,CA,HOUSEHOLD,HOUSEHOLD_1,HOUSEHOLD_1_360,2015-07,21,3.96,14,3,True,83.16
CA_1,CA,HOUSEHOLD,HOUSEHOLD_1,HOUSEHOLD_1_360,2015-08,12,3.96,11,2,False,47.52
CA_1,CA,HOUSEHOLD,HOUSEHOLD_1,HOUSEHOLD_1_360,2015-09,11,3.96,8,3,True,43.56
CA_1,CA,HOUSEHOLD,HOUSEHOLD_1,HOUSEHOLD_1_360,2015-10,16,3.96,13,3,True,63.36
CA_1,CA,HOUSEHOLD,HOUSEHOLD_1,HOUSEHOLD_1_360,2015-11,9,3.96,6,3,True,35.64
CA_1,CA,HOUSEHOLD,HOUSEHOLD_1,HOUSEHOLD_1_360,2015-12,10,3.96,9,2,True,39.6
CA_1,CA,HOUSEHOLD,HOUSEHOLD_1,HOUSEHOLD_1_360,2016-01,9,3.96,6,2,True,35.64
CA_1,CA,HOUSEHOLD,HOUSEHOLD_1,HOUSEHOLD_1_360,2016-02,19,3.96,12,3,True,75.24
CA_1,CA,HOUSEHOLD,HOUSEHOLD_1,HOUSEHOLD_1_360,2016-03,12,3.96,8,2,True,47.52
CA_1,CA,HOUSEHOLD,HOUSEHOLD_1,HOUSEHOLD_1_360,2016-04,10,3.96,9,2,False,39.6
CA_1,CA,HOUSEHOLD,HOUSEHOLD_2,HOUSEHOLD_2_029,2015-05,18,9.99,10,4,True,179.82
CA_1,CA,HOUSEHOLD,HOUSEHOLD_2,HOUSEHOLD_2_029,2015-06,6,10.43,5,2,True,62.58
CA_1,CA,HOUSEHOLD,HOUSEHOLD_2,HOUSEHOLD_2_029,2015-07,10,10.43,7,3,True,104.3
CA_1,CA,HOUSEHOLD,HOUSEHOLD_2,HOUSEHOLD_2_029,2015-08,9,10.43,8,2,False,93.87
CA_1,CA,HOUSEHOLD,HOUSEHOLD_2,HOUSEHOLD_2_029,2015-09,11,10.43,8,2,True,114.73
CA_1,CA,HOUSEHOLD,HOUSEHOLD_2,HOUSEHOLD_2_029,2015-10,10,10.43,9,2,True,104.3
CA_1,CA,HOUSEHOLD,HOUSEHOLD_2,HOUSEHOLD_2_029,2015-11,9,10.43,8,2,True,93.87
CA_1,CA,HOUSEHOLD,HOUSEHOLD_2,HOUSEHOLD_2_029,2015-12,7,10.43,6,2,True,73.01
CA_1,CA,HOUSEHOLD,HOUSEHOLD_2,HOUSEHOLD_2_029,2016-01,1,10.43,1,1,True,10.43
CA_1,CA,HOUSEHOLD,HOUSEHOLD_2,HOUSEHOLD_2_029,2016-03,7,10.43,6,2,True,73.01
CA_1,CA,HOUSEHOLD,HOUSEHOLD_2,HOUSEHOLD_2_029,2016-04,3,10.43,3,1,False,31.29
CA_1,CA,HOUSEHOLD,HOUSEHOLD_2,HOUSEHOLD_2_344,2015-04,6,5.92,3,3,False,35.52
CA_1,CA,HOUSEHOLD,HOUSEHOLD_2,HOUSEHOLD_2_344,2015-05,48,5.92,22,5,True,284.16
CA_1,CA,HOUSEHOLD,HOUSEHOLD_2,HOUSEHOLD_2_344,2015-06,33,5.92,20,4,True,195.36
CA_1,CA,HOUSEHOLD,HOUSEHOLD_2,HOUSEHOLD_2_344,2015-07,72,5.92,25,9,True,426.24
CA_1,CA,HOUSEHOLD,HOUSEHOLD_2,HOUSEHOLD_2_344,2015-08,52,5.92,24,5,False,307.84
CA_1,CA,HOUSEHOLD,HOUSEHOLD_2,HOUSEHOLD_2_344,2015-09,34,5.92,17,4,True,201.28
CA_1,CA,HOUSEHOLD,HOUSEHOLD_2,HOUSEHOLD_2_344,2015-11,5,5.92,3,3,True,29.6
CA_1,CA,HOUSEHOLD,HOUSEHOLD_2,HOUSEHOLD_2_344,2015-12,21,5.92,14,4,True,124.32
CA_1,CA,HOUSEHOLD,HOUSEHOLD_2,HOUSEHOLD_2_344,2016-01,8,5.92,6,2,True,47.36
CA_1,CA,HOUSEHOLD,HOUSEHOLD_2,HOUSEHOLD_2_344,2016-03,17,5.76,10,3,True,97.92
CA_1,CA,HOUSEHOLD,HOUSEHOLD_2,HOUSEHOLD_2_344,2016-04,9,5.74,5,2,False,51.66
CA_1,CA,HOUSEHOLD,HOUSEHOLD_2,HOUSEHOLD_2_450,2015-04,1,9.47,1,1,False,9.47
CA_1,CA,HOUSEHOLD,HOUSEHOLD_2,HOUSEHOLD_2_450,2015-05,21,9.47,15,3,True,198.87
CA_1,CA,HOUSEHOLD,HOUSEHOLD_2,HOUSEHOLD_2_450,2015-06,28,9.82,20,3,True,274.96
CA_1,CA,HOUSEHOLD,HOUSEHOLD_2,HOUSEHOLD_2_450,2015-07,21,10.43,17,3,True,219.03
CA_1,CA,HOUSEHOLD,HOUSEHOLD_2,HOUSEHOLD_2_450,2015-08,14,10.43,10,3,False,146.02
CA_1,CA,HOUSEHOLD,HOUSEHOLD_2,HOUSEHOLD_2_450,2015-09,19,10.43,14,3,True,198.17
CA_1,CA,HOUSEHOLD,HOUSEHOLD_2,HOUSEHOLD_2_450,2015-10,16,10.43,9,3,True,166.88
CA_1,CA,HOUSEHOLD,HOUSEHOLD_2,HOUSEHOLD_2_450,2015-11,26,10.43,16,3,True,271.18
CA_1,CA,HOUSEHOLD,HOUSEHOLD_2,HOUSEHOLD_2_450,2015-12,23,10.43,17,3,True,239.89
CA_1,CA,HOUSEHOLD,HOUSEHOLD_2,HOUSEHOLD_2_450,2016-01,38,10.43,22,3,True,396.34
CA_1,CA,HOUSEHOLD,HOUSEHOLD_2,HOUSEHOLD_2_450,2016-02,19,10.43,14,2,True,198.17
CA_1,CA,HOUSEHOLD,HOUSEHOLD_2,HOUSEHOLD_2_450,2016-03,40,10.43,22,5,True,417.2
CA_1,CA,HOUSEHOLD,HOUSEHOLD_2,HOUSEHOLD_2_450,2016-04,17,10.43,10,3,False,177.31
CA_2,CA,FOODS,FOODS_2,FOODS_2_380,2015-04,9,4.97,3,4,False,44.73
CA_2,CA,FOODS,FOODS_2,FOODS_2_380,2015-05,63,4.97,18,9,True,313.11
CA_2,CA,FOODS,FOODS_2,FOODS_2_380,2015-06,83,4.97,27,8,True,412.51
CA_2,CA,FOODS,FOODS_2,FOODS_2_380,2015-07,106,4.97,28,8,True,526.82
CA_2,CA,FOODS,FOODS_2,FOODS_2_380,2015-08,132,4.97,31,10,False,656.04
CA_2,CA,FOODS,FOODS_2,FOODS_2_380,2015-09,131,4.97,29,10,True,651.07
CA_2,CA,FOODS,FOODS_2,FOODS_2_380,2015-10,109,4.97,30,8,True,541.73
CA_2,CA,FOODS,FOODS_2,FOODS_2_380,2015-11,79,4.97,28,6,True,392.63
CA_2,CA,FOODS,FOODS_2,FOODS_2_380,2015-12,84,4.97,29,6,True,417.48
CA_2,CA,FOODS,FOODS_2,FOODS_2_380,2016-01,75,4.97,26,8,True,372.75
CA_2,CA,FOODS,FOODS_2,FOODS_2_380,2016-02,84,4.97,26,9,True,417.48
CA_2,CA,FOODS,FOODS_2,FOODS_2_380,2016-03,91,4.97,30,12,True,452.27
CA_2,CA,FOODS,FOODS_2,FOODS_2_380,2016-04,56,4.97,17,10,False,278.32
CA_2,CA,FOODS,FOODS_3,FOODS_3_017,2015-05,1,1.98,1,1,True,1.98
CA_2,CA,FOODS,FOODS_3,FOODS_3_017,2015-06,5,1.98,4,2,True,9.9
CA_2,CA,FOODS,FOODS_3,FOODS_3_017,2015-07,5,1.98,5,1,True,9.9
CA_2,CA,FOODS,FOODS_3,FOODS_3_017,2015-08,7,1.98,4,2,False,13.86
CA_2,CA,FOODS,FOODS_3,FOODS_3_017,2015-09,5,1.98,4,2,True,9.9
CA_2,CA,FOODS,FOODS_3,FOODS_3_017,2015-10,3,1.98,3,1,True,5.94
CA_2,CA,FOODS,FOODS_3,FOODS_3_017,2015-11,5,1.98,5,1,True,9.9
CA_2,CA,FOODS,FOODS_3,FOODS_3_017,2015-12,6,1.98,6,1,True,11.88
CA_2,CA,FOODS,FOODS_3,FOODS_3_017,2016-01,5,1.98,4,2,True,9.9
CA_2,CA,FOODS,FOODS_3,FOODS_3_017,2016-02,8,1.98,8,1,True,15.84
CA_2,CA,FOODS,FOODS_3,FOODS_3_017,2016-03,7,1.98,7,1,True,13.86
CA_2,CA,FOODS,FOODS_3,FOODS_3_017,2016-04,8,1.98,6,2,False,15.84
CA_2,CA,FOODS,FOODS_3,FOODS_3_142,2015-04,21,3.98,5,7,False,83.58
CA_2,CA,FOODS,FOODS_3,FOODS_3_142,2015-05,176,3.98,29,20,True,700.48
CA_2,CA,FOODS,FOODS_3,FOODS_3_142,2015-06,95,3.98,25,10,True,378.1
CA_2,CA,FOODS,FOODS_3,FOODS_3_142,2015-07,140,3.98,30,9,True,557.2
CA_2,CA,FOODS,FOODS_3,FOODS_3_142,2015-08,99,3.98,19,9,False,394.02
CA_2,CA,FOODS,FOODS_3,FOODS_3_142,2015-09,144,3.98,22,19,True,573.12
CA_2,CA,FOODS,FOODS_3,FOODS_3_142,2015-10,107,3.98,26,13,True,425.86
CA_2,CA,FOODS,FOODS_3,FOODS_3_142,2015-11,120,3.98,28,8,True,477.6
CA_2,CA,FOODS,FOODS_3,FOODS_3_142,2015-12,126,3.98,29,13,True,501.48
CA_2,CA,FOODS,FOODS_3,FOODS_3_142,2016-01,134,3.98,29,12,True,533.32
CA_2,CA,FOODS,FOODS_3,FOODS_3_142,2016-02,131,3.98,25,12,True,521.38
CA_2,CA,FOODS,FOODS_3,FOODS_3_142,2016-03,136,3.98,26,16,True,541.28
CA_2,CA,FOODS,FOODS_3,FOODS_3_142,2016-04,71,3.98,18,10,False,282.58
CA_2,CA,FOODS,FOODS_3,FOODS_3_293,2015-05,3,1.98,3,1,True,5.94
CA_2,CA,FOODS,FOODS_3,FOODS_3_293,2015-06,10,1.98,5,5,True,19.8
CA_2,CA,FOODS,FOODS_3,FOODS_3_293,2015-07,11,1.98,9,2,True,21.78
CA_2,CA,FOODS,FOODS_3,FOODS_3_293,2015-08,13,1.98,9,2,False,25.74
CA_2,CA,FOODS,FOODS_3,FOODS_3_293,2015-09,14,1.98,5,8,True,27.72
CA_2,CA,FOODS,FOODS_3,FOODS_3_293,2015-10,10,1.98,8,3,True,19.8
CA_2,CA,FOODS,FOODS_3,FOODS_3_293,2015-11,5,1.98,4,2,True,9.9
CA_2,CA,FOODS,FOODS_3,FOODS_3_293,2015-12,11,1.98,7,4,True,21.78
CA_2,CA,FOODS,FOODS_3,FOODS_3_293,2016-01,5,1.98,4,2,True,9.9
CA_2,CA,FOODS,FOODS_3,FOODS_3_293,2016-02,10,1.98,7,2,True,19.8
CA_2,CA,FOODS,FOODS_3,FOODS_3_293,2016-03,3,1.98,3,1,True,5.94
CA_2,CA,FOODS,FOODS_3,FOODS_3_293,2016-04,6,1.98,5,2,False,11.88
CA_2,CA,FOODS,FOODS_3,FOODS_3_525,2015-04,1,2.0,1,1,False,2.0
CA_2,CA,FOODS,FOODS_3,FOODS_3_525,2015-05,26,2.0,16,4,True,52.0
CA_2,CA,FOODS,FOODS_3,FOODS_3_525,2015-06,82,2.0,22,10,True,164.0
CA_2,CA,FOODS,FOODS_3,FOODS_3_525,2015-07,44,2.0,21,4,True,88.0
CA_2,CA,FOODS,FOODS_3,FOODS_3_525,2015-08,26,2.0,13,3,False,52.0
CA_2,CA,FOODS,FOODS_3,FOODS_3_525,2015-09,23,2.0,15,3,True,46.0
CA_2,CA,FOODS,FOODS_3,FOODS_3_525,2015-10,26,2.0,20,2,True,52.0
CA_2,CA,FOODS,FOODS_3,FOODS_3_525,2015-11,26,2.0,17,4,True,52.0
CA_2,CA,FOODS,FOODS_3,FOODS_3_525,2015-12,20,2.0,16,2,True,40.0
CA_2,CA,FOODS,FOODS_3,FOODS_3_525,2016-01,12,2.0,11,2,True,24.0
CA_2,CA,FOODS,FOODS_3,FOODS_3_525,2016-02,25,2.0,13,4,True,50.0
CA_2,CA,FOODS,FOODS_3,FOODS_3_525,2016-03,81,2.0,28,9,True,162.0
CA_2,CA,FOODS,FOODS_3,FOODS_3_525,2016-04,62,2.0,18,11,False,124.0
CA_2,CA,HOBBIES,HOBBIES_1,HOBBIES_1_242,2015-04,1,2.78,1,1,False,2.78
CA_2,CA,HOBBIES,HOBBIES_1,HOBBIES_1_242,2015-05,35,2.78,18,12,True,97.3
CA_2,CA,HOBBIES,HOBBIES_1,HOBBIES_1_242,2015-06,26,2.78,14,5,True,72.28
CA_2,CA,HOBBIES,HOBBIES_1,HOBBIES_1_242,2015-07,39,2.78,24,3,True,108.42
CA_2,CA,HOBBIES,HOBBIES_1,HOBBIES_1_242,2015-08,47,2.78,23,10,False,130.66
CA_2,CA,HOBBIES,HOBBIES_1,HOBBIES_1_242,2015-09,30,2.78,19,4,True,83.4
CA_2,CA,HOBBIES,HOBBIES_1,HOBBIES_1_242,2015-10,18,2.78,15,4,True,50.04
CA_2,CA,HOBBIES,HOBBIES_1,HOBBIES_1_242,2015-11,28,2.78,17,4,True,77.84
CA_2,CA,HOBBIES,HOBBIES_1,HOBBIES_1_242,2015-12,37,2.78,20,4,True,102.86
CA_2,CA,HOBBIES,HOBBIES_1,HOBBIES_1_242,2016-01,36,2.78,14,10,True,100.08
CA_2,CA,HOBBIES,HOBBIES_1,HOBBIES_1_242,2016-02,17,2.78,14,3,True,47.26
CA_2,CA,HOBBIES,HOBBIES_1,HOBBIES_1_242,2016-03,33,2.78,16,4,True,91.74
CA_2,CA,HOBBIES,HOBBIES_1,HOBBIES_1_242,2016-04,17,2.78,9,6,False,47.26
CA_2,CA,HOBBIES,HOBBIES_2,HOBBIES_2_071,2015-05,10,0.97,5,3,True,9.7
CA_2,CA,HOBBIES,HOBBIES_2,HOBBIES_2_071,2015-06,6,0.97,5,2,True,5.82
CA_2,CA,HOBBIES,HOBBIES_2,HOBBIES_2_071,2015-07,12,0.97,7,4,True,11.64
CA_2,CA,HOBBIES,HOBBIES_2,HOBBIES_2_071,2015-08,10,0.97,4,4,False,9.7
CA_2,CA,HOBBIES,HOBBIES_2,HOBBIES_2_071,2015-09,15,0.97,9,3,True,14.55
CA_2,CA,HOBBIES,HOBBIES_2,HOBBIES_2_071,2015-10,9,0.97,6,2,True,8.73
CA_2,CA,HOBBIES,HOBBIES_2,HOBBIES_2_071,2015-11,14,0.97,9,2,True,13.58
CA_2,CA,HOBBIES,HOBBIES_2,HOBBIES_2_071,2015-12,13,0.97,10,2,True,12.61
CA_2,CA,HOBBIES,HOBBIES_2,HOBBIES_2_071,2016-01,14,0.97,9,3,True,13.58
CA_2,CA,HOBBIES,HOBBIES_2,HOBBIES_2_071,2016-02,11,0.97,9,2,True,10.67
CA_2,CA,HOBBIES,HOBBIES_2,HOBBIES_2_071,2016-03,7,0.97,6,2,True,6.79
CA_2,CA,HOBBIES,HOBBIES_2,HOBBIES_2_071,2016-04,2,0.97,2,1,False,1.94
CA_2,CA,HOBBIES,HOBBIES_2,HOBBIES_2_108,2015-05,4,2.97,4,1,True,11.88
CA_2,CA,HOBBIES,HOBBIES_2,HOBBIES_2_108,2015-06,4,2.97,4,1,True,11.88
CA_2,CA,HOBBIES,HOBBIES_2,HOBBIES_2_108,2015-07,3,2.97,3,1,True,8.91
CA_2,CA,HOBBIES,HOBBIES_2,HOBBIES_2_108,2015-08,5,2.97,5,1,False,14.85
CA_2,CA,HOBBIES,HOBBIES_2,HOBBIES_2_108,2015-09,7,2.97,4,4,True,20.79
CA_2,CA,HOBBIES,HOBBIES_2,HOBBIES_2_108,2015-10,10,2.97,8,2,True,29.7
CA_2,CA,HOBBIES,HOBBIES_2,HOBBIES_2_108,2015-11,4,2.97,3,2,True,11.88
CA_2,CA,HOBBIES,HOBBIES_2,HOBBIES_2_108,2015-12,6,2.97,5,2,True,17.82
CA_2,CA,HOBBIES,HOBBIES_2,HOBBIES_2_108,2016-01,8,2.97,7,2,True,23.76
CA_2,CA,HOBBIES,HOBBIES_2,HOBBIES_2_108,2016-02,4,2.97,3,2,True,11.88
CA_2,CA,HOBBIES,HOBBIES_2,HOBBIES_2_108,2016-03,5,2.97,5,1,True,14.85
CA_2,CA,HOBBIES,HOBBIES_2,HOBBIES_2_108,2016-04,4,2.97,3,2,False,11.88
CA_2,CA,HOBBIES,HOBBIES_2,HOBBIES_2_109,2015-04,2,0.97,2,1,False,1.94
CA_2,CA,HOBBIES,HOBBIES_2,HOBBIES_2_109,2015-05,7,0.97,6,2,True,6.79
CA_2,CA,HOBBIES,HOBBIES_2,HOBBIES_2_109,2015-06,10,0.97,9,2,True,9.7
CA_2,CA,HOBBIES,HOBBIES_2,HOBBIES_2_109,2015-07,13,0.97,8,4,True,12.61
CA_2,CA,HOBBIES,HOBBIES_2,HOBBIES_2_109,2015-08,15,0.97,10,2,False,14.55
CA_2,CA,HOBBIES,HOBBIES_2,HOBBIES_2_109,2015-09,17,0.97,12,3,True,16.49
CA_2,CA,HOBBIES,HOBBIES_2,HOBBIES_2_109,2015-10,14,0.97,13,2,True,13.58
CA_2,CA,HOBBIES,HOBBIES_2,HOBBIES_2_109,2015-11,8,0.97,7,2,True,7.76
CA_2,CA,HOBBIES,HOBBIES_2,HOBBIES_2_109,2015-12,9,0.97,9,1,True,8.73
CA_2,CA,HOBBIES,HOBBIES_2,HOBBIES_2_109,2016-01,22,0.97,15,5,True,21.34
CA_2,CA,HOBBIES,HOBBIES_2,HOBBIES_2_109,2016-02,10,0.97,10,1,True,9.7
CA_2,CA,HOBBIES,HOBBIES_2,HOBBIES_2_109,2016-03,16,0.97,11,2,True,15.52
CA_2,CA,HOBBIES,HOBBIES_2,HOBBIES_2_109,2016-04,6,0.97,5,2,False,5.82
CA_2,CA,HOBBIES,HOBBIES_2,HOBBIES_2_123,2015-04,3,0.5,3,1,False,1.5
CA_2,CA,HOBBIES,HOBBIES_2,HOBBIES_2_123,2015-05,9,0.5,8,2,True,4.5
CA_2,CA,HOBBIES,HOBBIES_2,HOBBIES_2_123,2015-06,9,0.5,8,2,True,4.5
CA_2,CA,HOBBIES,HOBBIES_2,HOBBIES_2_123,2015-07,7,0.5,7,1,True,3.5
CA_2,CA,HOBBIES,HOBBIES_2,HOBBIES_2_123,2015-08,5,0.5,5,1,False,2.5
CA_2,CA,HOBBIES,HOBBIES_2,HOBBIES_2_123,2015-09,8,0.5,6,2,True,4.0
CA_2,CA,HOBBIES,HOBBIES_2,HOBBIES_2_123,2015-10,14,0.5,12,2,True,7.0
CA_2,CA,HOBBIES,HOBBIES_2,HOBBIES_2_123,2015-11,3,0.5,3,1,True,1.5
CA_2,CA,HOBBIES,HOBBIES_2,HOBBIES_2_123,2015-12,7,0.5,6,2,True,3.5
CA_2,CA,HOBBIES,HOBBIES_2,HOBBIES_2_123,2016-01,3,0.5,2,2,True,1.5
CA_2,CA,HOBBIES,HOBBIES_2,HOBBIES_2_123,2016-02,8,0.5,8,1,True,4.0
CA_2,CA,HOBBIES,HOBBIES_2,HOBBIES_2_123,2016-03,2,0.5,2,1,True,1.0
CA_2,CA,HOBBIES,HOBBIES_2,HOBBIES_2_123,2016-04,4,0.5,4,1,False,2.0
CA_2,CA,HOUSEHOLD,HOUSEHOLD_1,HOUSEHOLD_1_033,2015-07,75,4.13,18,10,True,309.75
CA_2,CA,HOUSEHOLD,HOUSEHOLD_1,HOUSEHOLD_1_033,2015-08,87,3.97,24,10,False,345.39
CA_2,CA,HOUSEHOLD,HOUSEHOLD_1,HOUSEHOLD_1_033,2015-09,121,3.97,27,12,True,480.37
CA_2,CA,HOUSEHOLD,HOUSEHOLD_1,HOUSEHOLD_1_033,2015-10,116,3.97,30,12,True,460.52
CA_2,CA,HOUSEHOLD,HOUSEHOLD_1,HOUSEHOLD_1_033,2015-11,71,3.97,26,6,True,281.87
CA_2,CA,HOUSEHOLD,HOUSEHOLD_1,HOUSEHOLD_1_033,2015-12,104,3.97,26,11,True,412.88
CA_2,CA,HOUSEHOLD,HOUSEHOLD_1,HOUSEHOLD_1_033,2016-01,102,3.97,27,12,True,404.94
CA_2,CA,HOUSEHOLD,HOUSEHOLD_1,HOUSEHOLD_1_033,2016-02,85,3.97,27,6,True,337.45
CA_2,CA,HOUSEHOLD,HOUSEHOLD_1,HOUSEHOLD_1_033,2016-03,91,3.97,30,7,True,361.27
CA_2,CA,HOUSEHOLD,HOUSEHOLD_1,HOUSEHOLD_1_033,2016-04,12,3.97,3,5,False,47.64
CA_2,CA,HOUSEHOLD,HOUSEHOLD_1,HOUSEHOLD_1_360,2015-04,1,3.96,1,1,False,3.96
CA_2,CA,HOUSEHOLD,HOUSEHOLD_1,HOUSEHOLD_1_360,2015-05,10,3.96,8,2,True,39.6
CA_2,CA,HOUSEHOLD,HOUSEHOLD_1,HOUSEHOLD_1_360,2015-06,11,3.96,8,3,True,43.56
CA_2,CA,HOUSEHOLD,HOUSEHOLD_1,HOUSEHOLD_1_360,2015-07,18,3.96,14,3,True,71.28
CA_2,CA,HOUSEHOLD,HOUSEHOLD_1,HOUSEHOLD_1_360,2015-08,17,3.96,12,3,False,67.32
CA_2,CA,HOUSEHOLD,HOUSEHOLD_1,HOUSEHOLD_1_360,2015-09,14,3.96,14,1,True,55.44
CA_2,CA,HOUSEHOLD,HOUSEHOLD_1,HOUSEHOLD_1_360,2015-10,17,3.96,12,2,True,67.32
CA_2,CA,HOUSEHOLD,HOUSEHOLD_1,HOUSEHOLD_1_360,2015-11,19,3.96,11,4,True,75.24
CA_2,CA,HOUSEHOLD,HOUSEHOLD_1,HOUSEHOLD_1_360,2015-12,25,3.96,13,11,True,99.0
CA_2,CA,HOUSEHOLD,HOUSEHOLD_1,HOUSEHOLD_1_360,2016-01,21,3.96,14,4,True,83.16
CA_2,CA,HOUSEHOLD,HOUSEHOLD_1,HOUSEHOLD_1_360,2016-02,12,3.96,8,3,True,47.52
CA_2,CA,HOUSEHOLD,HOUSEHOLD_1,HOUSEHOLD_1_360,2016-03,16,3.96,11,3,True,63.36
CA_2,CA,HOUSEHOLD,HOUSEHOLD_1,HOUSEHOLD_1_360,2016-04,16,3.96,9,6,False,63.36
CA_2,CA,HOUSEHOLD,HOUSEHOLD_2,HOUSEHOLD_2_029,2015-04,1,9.96,1,1,False,9.96
CA_2,CA,HOUSEHOLD,HOUSEHOLD_2,HOUSEHOLD_2_029,2015-05,14,9.96,11,3,True,139.44
CA_2,CA,HOUSEHOLD,HOUSEHOLD_2,HOUSEHOLD_2_029,2015-06,7,10.35,6,2,True,72.45
CA_2,CA,HOUSEHOLD,HOUSEHOLD_2,HOUSEHOLD_2_029,2015-07,17,10.43,13,3,True,177.31
CA_2,CA,HOUSEHOLD,HOUSEHOLD_2,HOUSEHOLD_2_029,2015-08,4,10.43,4,1,False,41.72
CA_2,CA,HOUSEHOLD,HOUSEHOLD_2,HOUSEHOLD_2_029,2015-09,9,10.43,7,2,True,93.87
CA_2,CA,HOUSEHOLD,HOUSEHOLD_2,HOUSEHOLD_2_029,2015-10,11,10.43,10,2,True,114.73
CA_2,CA,HOUSEHOLD,HOUSEHOLD_2,HOUSEHOLD_2_029,2015-11,6,10.43,6,1,True,62.58
CA_2,CA,HOUSEHOLD,HOUSEHOLD_2,HOUSEHOLD_2_029,2015-12,17,10.43,13,4,True,177.31
CA_2,CA,HOUSEHOLD,HOUSEHOLD_2,HOUSEHOLD_2_029,2016-02,10,10.43,10,1,True,104.3
CA_2,CA,HOUSEHOLD,HOUSEHOLD_2,HOUSEHOLD_2_029,2016-03,7,10.43,7,1,True,73.01
CA_2,CA,HOUSEHOLD,HOUSEHOLD_2,HOUSEHOLD_2_029,2016-04,5,10.43,4,2,False,52.15
CA_2,CA,HOUSEHOLD,HOUSEHOLD_2,HOUSEHOLD_2_344,2015-04,2,5.92,2,1,False,11.84
CA_2,CA,HOUSEHOLD,HOUSEHOLD_2,HOUSEHOLD_2_344,2015-05,12,5.92,6,3,True,71.04
CA_2,CA,HOUSEHOLD,HOUSEHOLD_2,HOUSEHOLD_2_344,2015-06,21,5.92,8,5,True,124.32
CA_2,CA,HOUSEHOLD,HOUSEHOLD_2,HOUSEHOLD_2_344,2015-07,57,5.92,24,5,True,337.44
CA_2,CA,HOUSEHOLD,HOUSEHOLD_2,HOUSEHOLD_2_344,2015-08,48,5.92,22,6,False,284.16
CA_2,CA,HOUSEHOLD,HOUSEHOLD_2,HOUSEHOLD_2_344,2015-09,34,5.92,15,6,True,201.28
CA_2,CA,HOUSEHOLD,HOUSEHOLD_2,HOUSEHOLD_2_344,2015-10,2,5.92,1,2,True,11.84
CA_2,CA,HOUSEHOLD,HOUSEHOLD_2,HOUSEHOLD_2_344,2015-12,15,5.92,10,2,True,88.8
CA_2,CA,HOUSEHOLD,HOUSEHOLD_2,HOUSEHOLD_2_344,2016-01,9,5.92,7,3,True,53.28
CA_2,CA,HOUSEHOLD,HOUSEHOLD_2,HOUSEHOLD_2_344,2016-04,7,5.88,2,5,False,41.16
CA_2,CA,HOUSEHOLD,HOUSEHOLD_2,HOUSEHOLD_2_450,2015-04,5,9.47,4,2,False,47.35
CA_2,CA,HOUSEHOLD,HOUSEHOLD_2,HOUSEHOLD_2_450,2015-05,55,9.47,24,5,True,520.85
CA_2,CA,HOUSEHOLD,HOUSEHOLD_2,HOUSEHOLD_2_450,2015-06,44,9.82,22,4,True,432.08
CA_2,CA,HOUSEHOLD,HOUSEHOLD_2,HOUSEHOLD_2_450,2015-07,44,10.43,23,5,True,458.92
CA_2,CA,HOUSEHOLD,HOUSEHOLD_2,HOUSEHOLD_2_450,2015-08,44,10.43,22,4,False,458.92
CA_2,CA,HOUSEHOLD,HOUSEHOLD_2,HOUSEHOLD_2_450,2015-09,53,10.43,28,4,True,552.79
CA_2,CA,HOUSEHOLD,HOUSEHOLD_2,HOUSEHOLD_2_450,2015-10,46,10.43,24,5,True,479.78
CA_2,CA,HOUSEHOLD,HOUSEHOLD_2,HOUSEHOLD_2_450,2015-11,53,10.43,21,10,True,552.79
CA_2,CA,HOUSEHOLD,HOUSEHOLD_2,HOUSEHOLD_2_450,2015-12,38,10.43,19,4,True,396.34
CA_2,CA,HOUSEHOLD,HOUSEHOLD_2,HOUSEHOLD_2_450,2016-01,47,10.43,20,6,True,490.21
CA_2,CA,HOUSEHOLD,HOUSEHOLD_2,HOUSEHOLD_2_450,2016-02,35,10.43,17,5,True,365.05
CA_2,CA,HOUSEHOLD,HOUSEHOLD_2,HOUSEHOLD_2_450,2016-03,13,10.43,8,3,True,135.59
CA_2,CA,HOUSEHOLD,HOUSEHOLD_2,HOUSEHOLD_2_450,2016-04,9,10.43,5,3,False,93.87
TX_1,TX,FOODS,FOODS_2,FOODS_2_380,2015-04,13,4.97,4,5,False,64.61
TX_1,TX,FOODS,FOODS_2,FOODS_2_380,2015-05,44,4.97,20,4,True,218.68
TX_1,TX,FOODS,FOODS_2,FOODS_2_380,2015-06,69,4.97,26,6,True,342.93
TX_1,TX,FOODS,FOODS_2,FOODS_2_380,2015-07,64,4.97,24,6,True,318.08
TX_1,TX,FOODS,FOODS_2,FOODS_2_380,2015-08,82,4.97,29,8,False,407.54
TX_1,TX,FOODS,FOODS_2,FOODS_2_380,2015-09,110,4.97,28,9,True,546.7
TX_1,TX,FOODS,FOODS_2,FOODS_2_380,2015-10,105,4.97,29,8,True,521.85
TX_1,TX,FOODS,FOODS_2,FOODS_2_380,2015-11,67,4.97,26,6,True,332.99
TX_1,TX,FOODS,FOODS_2,FOODS_2_380,2015-12,74,4.97,26,6,True,367.78
TX_1,TX,FOODS,FOODS_2,FOODS_2_380,2016-01,111,4.97,27,11,True,551.67
TX_1,TX,FOODS,FOODS_2,FOODS_2_380,2016-02,75,4.97,28,6,True,372.75
TX_1,TX,FOODS,FOODS_2,FOODS_2_380,2016-03,63,4.97,25,5,True,313.11
TX_1,TX,FOODS,FOODS_2,FOODS_2_380,2016-04,57,4.97,18,6,False,283.29
TX_1,TX,FOODS,FOODS_3,FOODS_3_017,2015-04,2,1.98,1,2,False,3.96
TX_1,TX,FOODS,FOODS_3,FOODS_3_017,2015-05,11,1.98,9,2,True,21.78
TX_1,TX,FOODS,FOODS_3,FOODS_3_017,2015-06,7,1.98,7,1,True,13.86
TX_1,TX,FOODS,FOODS_3,FOODS_3_017,2015-07,16,1.98,12,2,True,31.68
TX_1,TX,FOODS,FOODS_3,FOODS_3_017,2015-08,2,1.98,2,1,False,3.96
TX_1,TX,FOODS,FOODS_3,FOODS_3_017,2015-09,2,1.98,2,1,True,3.96
TX_1,TX,FOODS,FOODS_3,FOODS_3_017,2015-10,4,1.98,4,1,True,7.92
TX_1,TX,FOODS,FOODS_3,FOODS_3_017,2015-11,1,1.98,1,1,True,1.98
TX_1,TX,FOODS,FOODS_3,FOODS_3_017,2015-12,2,1.98,2,1,True,3.96
TX_1,TX,FOODS,FOODS_3,FOODS_3_017,2016-01,2,1.98,2,1,True,3.96
TX_1,TX,FOODS,FOODS_3,FOODS_3_017,2016-02,2,1.98,2,1,True,3.96
TX_1,TX,FOODS,FOODS_3,FOODS_3_017,2016-03,10,1.98,9,2,True,19.8
TX_1,TX,FOODS,FOODS_3,FOODS_3_017,2016-04,1,1.98,1,1,False,1.98
TX_1,TX,FOODS,FOODS_3,FOODS_3_142,2015-04,3,3.98,2,2,False,11.94
TX_1,TX,FOODS,FOODS_3,FOODS_3_142,2015-05,14,3.98,11,3,True,55.72
TX_1,TX,FOODS,FOODS_3,FOODS_3_142,2015-06,6,3.98,5,2,True,23.88
TX_1,TX,FOODS,FOODS_3,FOODS_3_142,2015-07,6,3.98,6,1,True,23.88
TX_1,TX,FOODS,FOODS_3,FOODS_3_142,2015-08,3,3.98,2,2,False,11.94
TX_1,TX,FOODS,FOODS_3,FOODS_3_142,2015-09,10,3.98,8,2,True,39.8
TX_1,TX,FOODS,FOODS_3,FOODS_3_142,2015-10,13,3.98,7,5,True,51.74
TX_1,TX,FOODS,FOODS_3,FOODS_3_142,2015-11,6,3.98,5,2,True,23.88
TX_1,TX,FOODS,FOODS_3,FOODS_3_142,2015-12,10,3.98,8,2,True,39.8
TX_1,TX,FOODS,FOODS_3,FOODS_3_142,2016-01,6,3.98,3,3,True,23.88
TX_1,TX,FOODS,FOODS_3,FOODS_3_142,2016-02,6,3.78,4,2,True,22.68
TX_1,TX,FOODS,FOODS_3,FOODS_3_142,2016-03,7,3.28,5,3,True,22.96
TX_1,TX,FOODS,FOODS_3,FOODS_3_142,2016-04,3,3.98,2,2,False,11.94
TX_1,TX,FOODS,FOODS_3,FOODS_3_293,2015-04,1,1.98,1,1,False,1.98
TX_1,TX,FOODS,FOODS_3,FOODS_3_293,2015-05,6,1.98,5,2,True,11.88
TX_1,TX,FOODS,FOODS_3,FOODS_3_293,2015-06,9,1.98,7,3,True,17.82
TX_1,TX,FOODS,FOODS_3,FOODS_3_293,2015-07,2,1.98,2,1,True,3.96
TX_1,TX,FOODS,FOODS_3,FOODS_3_293,2015-08,6,1.98,6,1,False,11.88
TX_1,TX,FOODS,FOODS_3,FOODS_3_293,2015-09,2,1.98,2,1,True,3.96
TX_1,TX,FOODS,FOODS_3,FOODS_3_293,2015-11,4,1.98,4,1,True,7.92
TX_1,TX,FOODS,FOODS_3,FOODS_3_293,2015-12,5,1.98,4,2,True,9.9
TX_1,TX,FOODS,FOODS_3,FOODS_3_293,2016-01,2,1.98,2,1,True,3.96
TX_1,TX,FOODS,FOODS_3,FOODS_3_293,2016-02,1,1.98,1,1,True,1.98
TX_1,TX,FOODS,FOODS_3,FOODS_3_525,2015-04,2,2.0,2,1,False,4.0
TX_1,TX,FOODS,FOODS_3,FOODS_3_525,2015-05,19,2.0,13,3,True,38.0
TX_1,TX,FOODS,FOODS_3,FOODS_3_525,2015-06,19,2.0,9,6,True,38.0
TX_1,TX,FOODS,FOODS_3,FOODS_3_525,2015-07,46,2.0,26,4,True,92.0
TX_1,TX,FOODS,FOODS_3,FOODS_3_525,2015-08,49,2.0,24,8,False,98.0
TX_1,TX,FOODS,FOODS_3,FOODS_3_525,2015-09,17,2.0,14,2,True,34.0
TX_1,TX,FOODS,FOODS_3,FOODS_3_525,2015-10,23,2.0,15,4,True,46.0
TX_1,TX,FOODS,FOODS_3,FOODS_3_525,2015-11,25,2.0,17,4,True,50.0
TX_1,TX,FOODS,FOODS_3,FOODS_3_525,2015-12,20,2.0,16,3,True,40.0
TX_1,TX,FOODS,FOODS_3,FOODS_3_525,2016-01,29,2.0,16,6,True,58.0
TX_1,TX,FOODS,FOODS_3,FOODS_3_525,2016-02,71,2.0,22,8,True,142.0
TX_1,TX,FOODS,FOODS_3,FOODS_3_525,2016-03,61,2.0,17,12,True,122.0
TX_1,TX,FOODS,FOODS_3,FOODS_3_525,2016-04,55,2.0,18,7,False,110.0
TX_1,TX,HOBBIES,HOBBIES_1,HOBBIES_1_242,2015-04,2,2.5,2,1,False,5.0
TX_1,TX,HOBBIES,HOBBIES_1,HOBBIES_1_242,2015-05,22,2.5,15,4,True,55.0
TX_1,TX,HOBBIES,HOBBIES_1,HOBBIES_1_242,2015-06,18,2.5,13,3,True,45.0
TX_1,TX,HOBBIES,HOBBIES_1,HOBBIES_1_242,2015-07,22,2.5,16,2,True,55.0
TX_1,TX,HOBBIES,HOBBIES_1,HOBBIES_1_242,2015-08,21,2.5,16,2,False,52.5
TX_1,TX,HOBBIES,HOBBIES_1,HOBBIES_1_242,2015-09,17,2.5,9,3,True,42.5
TX_1,TX,HOBBIES,HOBBIES_1,HOBBIES_1_242,2015-10,17,2.5,13,3,True,42.5
TX_1,TX,HOBBIES,HOBBIES_1,HOBBIES_1_242,2015-11,20,2.5,12,3,True,50.0
TX_1,TX,HOBBIES,HOBBIES_1,HOBBIES_1_242,2015-12,20,2.5,14,4,True,50.0
TX_1,TX,HOBBIES,HOBBIES_1,HOBBIES_1_242,2016-01,17,2.5,13,2,True,42.5
TX_1,TX,HOBBIES,HOBBIES_1,HOBBIES_1_242,2016-02,14,2.5,11,2,True,35.0
TX_1,TX,HOBBIES,HOBBIES_1,HOBBIES_1_242,2016-03,27,2.5,18,3,True,67.5
TX_1,TX,HOBBIES,HOBBIES_1,HOBBIES_1_242,2016-04,16,2.5,10,4,False,40.0
TX_1,TX,HOBBIES,HOBBIES_2,HOBBIES_2_071,2015-04,2,0.97,1,2,False,1.94
TX_1,TX,HOBBIES,HOBBIES_2,HOBBIES_2_071,2015-05,15,0.97,7,4,True,14.55
TX_1,TX,HOBBIES,HOBBIES_2,HOBBIES_2_071,2015-06,7,0.97,7,1,True,6.79
TX_1,TX,HOBBIES,HOBBIES_2,HOBBIES_2_071,2015-07,12,0.97,9,2,True,11.64
TX_1,TX,HOBBIES,HOBBIES_2,HOBBIES_2_071,2015-08,10,0.97,9,2,False,9.7
TX_1,TX,HOBBIES,HOBBIES_2,HOBBIES_2_071,2015-09,9,0.97,9,1,True,8.73
TX_1,TX,HOBBIES,HOBBIES_2,HOBBIES_2_071,2015-10,2,0.97,2,1,True,1.94
TX_1,TX,HOBBIES,HOBBIES_2,HOBBIES_2_071,2015-11,9,0.97,7,2,True,8.73
TX_1,TX,HOBBIES,HOBBIES_2,HOBBIES_2_071,2015-12,9,0.97,2,8,True,8.73
TX_1,TX,HOBBIES,HOBBIES_2,HOBBIES_2_071,2016-01,9,0.97,7,3,True,8.73
TX_1,TX,HOBBIES,HOBBIES_2,HOBBIES_2_071,2016-02,10,0.97,5,4,True,9.7
TX_1,TX,HOBBIES,HOBBIES_2,HOBBIES_2_071,2016-03,11,0.97,7,3,True,10.67
TX_1,TX,HOBBIES,HOBBIES_2,HOBBIES_2_071,2016-04,11,0.97,7,3,False,10.67
TX_1,TX,HOBBIES,HOBBIES_2,HOBBIES_2_108,2015-05,5,2.97,5,1,True,14.85
TX_1,TX,HOBBIES,HOBBIES_2,HOBBIES_2_108,2015-06,3,2.97,2,2,True,8.91
TX_1,TX,HOBBIES,HOBBIES_2,HOBBIES_2_108,2015-07,3,2.97,3,1,True,8.91
TX_1,TX,HOBBIES,HOBBIES_2,HOBBIES_2_108,2015-08,14,2.97,8,3,False,41.58
TX_1,TX,HOBBIES,HOBBIES_2,HOBBIES_2_108,2015-09,6,2.97,4,3,True,17.82
TX_1,TX,HOBBIES,HOBBIES_2,HOBBIES_2_108,2015-10,4,2.97,4,1,True,11.88
TX_1,TX,HOBBIES,HOBBIES_2,HOBBIES_2_108,2015-11,9,2.97,8,2,True,26.73
TX_1,TX,HOBBIES,HOBBIES_2,HOBBIES_2_108,2015-12,3,2.97,3,1,True,8.91
TX_1,TX,HOBBIES,HOBBIES_2,HOBBIES_2_108,2016-01,3,2.97,3,1,True,8.91
TX_1,TX,HOBBIES,HOBBIES_2,HOBBIES_2_108,2016-02,1,2.97,1,1,True,2.97
TX_1,TX,HOBBIES,HOBBIES_2,HOBBIES_2_108,2016-03,4,2.97,4,1,True,11.88
TX_1,TX,HOBBIES,HOBBIES_2,HOBBIES_2_108,2016-04,1,2.97,1,1,False,2.97
TX_1,TX,HOBBIES,HOBBIES_2,HOBBIES_2_109,2015-04,2,0.97,2,1,False,1.94
TX_1,TX,HOBBIES,HOBBIES_2,HOBBIES_2_109,2015-05,18,0.97,12,3,True,17.46
TX_1,TX,HOBBIES,HOBBIES_2,HOBBIES_2_109,2015-06,7,0.97,7,1,True,6.79
TX_1,TX,HOBBIES,HOBBIES_2,HOBBIES_2_109,2015-07,7,0.97,6,2,True,6.79
TX_1,TX,HOBBIES,HOBBIES_2,HOBBIES_2_109,2015-08,6,0.97,6,1,False,5.82
TX_1,TX,HOBBIES,HOBBIES_2,HOBBIES_2_109,2015-09,13,0.97,10,3,True,12.61
TX_1,TX,HOBBIES,HOBBIES_2,HOBBIES_2_109,2015-10,13,0.97,10,3,True,12.61
TX_1,TX,HOBBIES,HOBBIES_2,HOBBIES_2_109,2015-11,1,0.97,1,1,True,0.97
TX_1,TX,HOBBIES,HOBBIES_2,HOBBIES_2_109,2015-12,7,0.97,5,3,True,6.79
TX_1,TX,HOBBIES,HOBBIES_2,HOBBIES_2_109,2016-01,5,0.97,3,2,True,4.85
TX_1,TX,HOBBIES,HOBBIES_2,HOBBIES_2_109,2016-02,6,0.97,5,2,True,5.82
TX_1,TX,HOBBIES,HOBBIES_2,HOBBIES_2_109,2016-03,6,0.97,6,1,True,5.82
TX_1,TX,HOBBIES,HOBBIES_2,HOBBIES_2_109,2016-04,2,0.97,1,2,False,1.94
TX_1,TX,HOBBIES,HOBBIES_2,HOBBIES_2_123,2015-04,2,0.5,2,1,False,1.0
TX_1,TX,HOBBIES,HOBBIES_2,HOBBIES_2_123,2015-05,7,0.5,7,1,True,3.5
TX_1,TX,HOBBIES,HOBBIES_2,HOBBIES_2_123,2015-06,3,0.5,3,1,True,1.5
TX_1,TX,HOBBIES,HOBBIES_2,HOBBIES_2_123,2015-07,3,0.5,3,1,True,1.5
TX_1,TX,HOBBIES,HOBBIES_2,HOBBIES_2_123,2015-08,3,0.5,2,2,False,1.5
TX_1,TX,HOBBIES,HOBBIES_2,HOBBIES_2_123,2015-09,10,0.5,6,2,True,5.0
TX_1,TX,HOBBIES,HOBBIES_2,HOBBIES_2_123,2015-10,12,0.5,9,2,True,6.0
TX_1,TX,HOBBIES,HOBBIES_2,HOBBIES_2_123,2015-11,5,0.5,5,1,True,2.5
TX_1,TX,HOBBIES,HOBBIES_2,HOBBIES_2_123,2016-01,6,0.5,6,1,True,3.0
TX_1,TX,HOBBIES,HOBBIES_2,HOBBIES_2_123,2016-02,6,0.5,6,1,True,3.0
TX_1,TX,HOBBIES,HOBBIES_2,HOBBIES_2_123,2016-03,9,0.5,9,1,True,4.5
TX_1,TX,HOBBIES,HOBBIES_2,HOBBIES_2_123,2016-04,1,0.5,1,1,False,0.5
TX_1,TX,HOUSEHOLD,HOUSEHOLD_1,HOUSEHOLD_1_033,2015-07,24,4.13,12,6,True,99.12
TX_1,TX,HOUSEHOLD,HOUSEHOLD_1,HOUSEHOLD_1_033,2015-08,45,3.97,23,4,False,178.65
TX_1,TX,HOUSEHOLD,HOUSEHOLD_1,HOUSEHOLD_1_033,2015-09,39,3.97,21,3,True,154.83
TX_1,TX,HOUSEHOLD,HOUSEHOLD_1,HOUSEHOLD_1_033,2015-10,40,3.97,20,4,True,158.8
TX_1,TX,HOUSEHOLD,HOUSEHOLD_1,HOUSEHOLD_1_033,2015-11,44,3.97,18,4,True,174.68
TX_1,TX,HOUSEHOLD,HOUSEHOLD_1,HOUSEHOLD_1_033,2015-12,43,3.97,24,3,True,170.71
TX_1,TX,HOUSEHOLD,HOUSEHOLD_1,HOUSEHOLD_1_033,2016-01,36,3.97,20,5,True,142.92
TX_1,TX,HOUSEHOLD,HOUSEHOLD_1,HOUSEHOLD_1_033,2016-02,37,3.97,18,6,True,146.89
TX_1,TX,HOUSEHOLD,HOUSEHOLD_1,HOUSEHOLD_1_033,2016-03,32,3.97,19,3,True,127.04
TX_1,TX,HOUSEHOLD,HOUSEHOLD_1,HOUSEHOLD_1_033,2016-04,3,3.97,2,2,False,11.91
TX_1,TX,HOUSEHOLD,HOUSEHOLD_1,HOUSEHOLD_1_360,2015-04,2,3.96,1,2,False,7.92
TX_1,TX,HOUSEHOLD,HOUSEHOLD_1,HOUSEHOLD_1_360,2015-05,2,3.96,2,1,True,7.92
TX_1,TX,HOUSEHOLD,HOUSEHOLD_1,HOUSEHOLD_1_360,2015-06,8,3.96,7,2,True,31.68
TX_1,TX,HOUSEHOLD,HOUSEHOLD_1,HOUSEHOLD_1_360,2015-07,8,3.96,5,3,True,31.68
TX_1,TX,HOUSEHOLD,HOUSEHOLD_1,HOUSEHOLD_1_360,2015-08,2,3.96,2,1,False,7.92
TX_1,TX,HOUSEHOLD,HOUSEHOLD_1,HOUSEHOLD_1_360,2015-09,16,3.96,8,4,True,63.36
TX_1,TX,HOUSEHOLD,HOUSEHOLD_1,HOUSEHOLD_1_360,2015-10,6,3.96,6,1,True,23.76
TX_1,TX,HOUSEHOLD,HOUSEHOLD_1,HOUSEHOLD_1_360,2015-11,6,3.96,4,3,True,23.76
TX_1,TX,HOUSEHOLD,HOUSEHOLD_1,HOUSEHOLD_1_360,2015-12,6,3.96,3,3,True,23.76
TX_1,TX,HOUSEHOLD,HOUSEHOLD_1,HOUSEHOLD_1_360,2016-01,7,3.96,4,4,True,27.72
TX_1,TX,HOUSEHOLD,HOUSEHOLD_1,HOUSEHOLD_1_360,2016-02,8,3.96,5,4,True,31.68
TX_1,TX,HOUSEHOLD,HOUSEHOLD_1,HOUSEHOLD_1_360,2016-03,12,3.96,7,6,True,47.52
TX_1,TX,HOUSEHOLD,HOUSEHOLD_1,HOUSEHOLD_1_360,2016-04,5,3.96,4,2,False,19.8
TX_1,TX,HOUSEHOLD,HOUSEHOLD_2,HOUSEHOLD_2_029,2015-04,2,9.96,2,1,False,19.92
TX_1,TX,HOUSEHOLD,HOUSEHOLD_2,HOUSEHOLD_2_029,2015-05,8,9.96,7,2,True,79.68
TX_1,TX,HOUSEHOLD,HOUSEHOLD_2,HOUSEHOLD_2_029,2015-06,6,10.13,6,1,True,60.78
TX_1,TX,HOUSEHOLD,HOUSEHOLD_2,HOUSEHOLD_2_029,2015-07,9,10.43,8,2,True,93.87
TX_1,TX,HOUSEHOLD,HOUSEHOLD_2,HOUSEHOLD_2_029,2015-08,6,10.43,4,3,False,62.58
TX_1,TX,HOUSEHOLD,HOUSEHOLD_2,HOUSEHOLD_2_029,2015-09,8,10.43,5,4,True,83.44
TX_1,TX,HOUSEHOLD,HOUSEHOLD_2,HOUSEHOLD_2_029,2015-10,5,10.43,5,1,True,52.15
TX_1,TX,HOUSEHOLD,HOUSEHOLD_2,HOUSEHOLD_2_029,2015-11,5,10.43,5,1,True,52.15
TX_1,TX,HOUSEHOLD,HOUSEHOLD_2,HOUSEHOLD_2_029,2015-12,8,10.43,5,4,True,83.44
TX_1,TX,HOUSEHOLD,HOUSEHOLD_2,HOUSEHOLD_2_029,2016-02,7,10.43,4,4,True,73.01
TX_1,TX,HOUSEHOLD,HOUSEHOLD_2,HOUSEHOLD_2_029,2016-03,7,10.43,7,1,True,73.01
TX_1,TX,HOUSEHOLD,HOUSEHOLD_2,HOUSEHOLD_2_029,2016-04,7,10.43,6,2,False,73.01
TX_1,TX,HOUSEHOLD,HOUSEHOLD_2,HOUSEHOLD_2_344,2015-04,2,5.92,1,2,False,11.84
TX_1,TX,HOUSEHOLD,HOUSEHOLD_2,HOUSEHOLD_2_344,2015-05,55,5.92,25,4,True,325.6
TX_1,TX,HOUSEHOLD,HOUSEHOLD_2,HOUSEHOLD_2_344,2015-06,41,5.92,20,5,True,242.72
TX_1,TX,HOUSEHOLD,HOUSEHOLD_2,HOUSEHOLD_2_344,2015-07,46,5.92,21,5,True,272.32
TX_1,TX,HOUSEHOLD,HOUSEHOLD_2,HOUSEHOLD_2_344,2015-08,37,5.92,20,4,False,219.04
TX_1,TX,HOUSEHOLD,HOUSEHOLD_2,HOUSEHOLD_2_344,2015-09,31,5.92,13,4,True,183.52
TX_1,TX,HOUSEHOLD,HOUSEHOLD_2,HOUSEHOLD_2_344,2015-10,6,5.92,4,2,True,35.52
TX_1,TX,HOUSEHOLD,HOUSEHOLD_2,HOUSEHOLD_2_344,2015-11,5,5.92,4,2,True,29.6
TX_1,TX,HOUSEHOLD,HOUSEHOLD_2,HOUSEHOLD_2_344,2015-12,11,5.92,8,2,True,65.12
TX_1,TX,HOUSEHOLD,HOUSEHOLD_2,HOUSEHOLD_2_344,2016-01,15,5.92,9,3,True,88.8
TX_1,TX,HOUSEHOLD,HOUSEHOLD_2,HOUSEHOLD_2_344,2016-02,12,5.92,10,2,True,71.04
TX_1,TX,HOUSEHOLD,HOUSEHOLD_2,HOUSEHOLD_2_344,2016-03,33,5.8,19,6,True,191.4
TX_1,TX,HOUSEHOLD,HOUSEHOLD_2,HOUSEHOLD_2_344,2016-04,20,5.74,14,3,False,114.8
TX_1,TX,HOUSEHOLD,HOUSEHOLD_2,HOUSEHOLD_2_450,2015-05,3,9.47,2,2,True,28.41
TX_1,TX,HOUSEHOLD,HOUSEHOLD_2,HOUSEHOLD_2_450,2015-06,6,10.05,5,2,True,60.3
TX_1,TX,HOUSEHOLD,HOUSEHOLD_2,HOUSEHOLD_2_450,2015-07,7,10.43,7,1,True,73.01
TX_1,TX,HOUSEHOLD,HOUSEHOLD_2,HOUSEHOLD_2_450,2015-08,6,10.43,5,2,False,62.58
TX_1,TX,HOUSEHOLD,HOUSEHOLD_2,HOUSEHOLD_2_450,2015-09,11,10.43,10,2,True,114.73
TX_1,TX,HOUSEHOLD,HOUSEHOLD_2,HOUSEHOLD_2_450,2015-10,15,10.43,12,3,True,156.45
TX_1,TX,HOUSEHOLD,HOUSEHOLD_2,HOUSEHOLD_2_450,2015-11,16,10.43,11,3,True,166.88
TX_1,TX,HOUSEHOLD,HOUSEHOLD_2,HOUSEHOLD_2_450,2015-12,12,10.43,9,3,True,125.16
TX_1,TX,HOUSEHOLD,HOUSEHOLD_2,HOUSEHOLD_2_450,2016-01,9,10.43,9,1,True,93.87
TX_1,TX,HOUSEHOLD,HOUSEHOLD_2,HOUSEHOLD_2_450,2016-02,12,10.43,11,2,True,125.16
TX_1,TX,HOUSEHOLD,HOUSEHOLD_2,HOUSEHOLD_2_450,2016-03,7,10.43,7,1,True,73.01
TX_1,TX,HOUSEHOLD,HOUSEHOLD_2,HOUSEHOLD_2_450,2016-04,2,10.43,2,1,False,20.86
TX_2,TX,FOODS,FOODS_2,FOODS_2_380,2015-04,8,4.97,5,4,False,39.76
TX_2,TX,FOODS,FOODS_2,FOODS_2_380,2015-05,55,4.97,26,5,True,273.35
TX_2,TX,FOODS,FOODS_2,FOODS_2_380,2015-06,62,4.97,24,8,True,308.14
TX_2,TX,FOODS,FOODS_2,FOODS_2_380,2015-07,61,4.97,26,8,True,303.17
TX_2,TX,FOODS,FOODS_2,FOODS_2_380,2015-08,71,4.97,28,8,False,352.87
TX_2,TX,FOODS,FOODS_2,FOODS_2_380,2015-09,102,4.97,28,11,True,506.94
TX_2,TX,FOODS,FOODS_2,FOODS_2_380,2015-10,106,4.97,26,9,True,526.82
TX_2,TX,FOODS,FOODS_2,FOODS_2_380,2015-11,124,4.97,29,10,True,616.28
TX_2,TX,FOODS,FOODS_2,FOODS_2_380,2015-12,122,4.97,29,9,True,606.34
TX_2,TX,FOODS,FOODS_2,FOODS_2_380,2016-01,116,4.97,31,8,True,576.52
TX_2,TX,FOODS,FOODS_2,FOODS_2_380,2016-02,139,4.97,29,9,True,690.83
TX_2,TX,FOODS,FOODS_2,FOODS_2_380,2016-03,125,4.97,31,9,True,621.25
TX_2,TX,FOODS,FOODS_2,FOODS_2_380,2016-04,48,4.97,16,6,False,238.56
TX_2,TX,FOODS,FOODS_3,FOODS_3_017,2015-04,1,1.98,1,1,False,1.98
TX_2,TX,FOODS,FOODS_3,FOODS_3_017,2015-05,4,1.98,2,3,True,7.92
TX_2,TX,FOODS,FOODS_3,FOODS_3_017,2015-06,7,1.98,6,2,True,13.86
TX_2,TX,FOODS,FOODS_3,FOODS_3_017,2015-07,4,1.98,4,1,True,7.92
TX_2,TX,FOODS,FOODS_3,FOODS_3_017,2015-08,3,1.98,3,1,False,5.94
TX_2,TX,FOODS,FOODS_3,FOODS_3_017,2015-09,8,1.98,7,2,True,15.84
TX_2,TX,FOODS,FOODS_3,FOODS_3_017,2015-10,8,1.98,6,2,True,15.84
TX_2,TX,FOODS,FOODS_3,FOODS_3_017,2015-11,6,1.98,5,2,True,11.88
TX_2,TX,FOODS,FOODS_3,FOODS_3_017,2015-12,10,1.98,9,2,True,19.8
TX_2,TX,FOODS,FOODS_3,FOODS_3_017,2016-01,14,1.98,11,3,True,27.72
TX_2,TX,FOODS,FOODS_3,FOODS_3_017,2016-02,9,1.98,7,2,True,17.82
TX_2,TX,FOODS,FOODS_3,FOODS_3_017,2016-03,4,1.98,3,2,True,7.92
TX_2,TX,FOODS,FOODS_3,FOODS_3_017,2016-04,3,1.98,3,1,False,5.94
TX_2,TX,FOODS,FOODS_3,FOODS_3_142,2015-04,7,3.98,4,3,False,27.86
TX_2,TX,FOODS,FOODS_3,FOODS_3_142,2015-05,76,3.98,24,7,True,302.48
TX_2,TX,FOODS,FOODS_3,FOODS_3_142,2015-06,43,3.98,23,8,True,171.14
TX_2,TX,FOODS,FOODS_3,FOODS_3_142,2015-07,58,3.98,23,11,True,230.84
TX_2,TX,FOODS,FOODS_3,FOODS_3_142,2015-08,6,3.98,5,2,False,23.88
TX_2,TX,FOODS,FOODS_3,FOODS_3_142,2015-09,15,3.98,8,6,True,59.7
TX_2,TX,FOODS,FOODS_3,FOODS_3_142,2015-10,7,3.98,5,2,True,27.86
TX_2,TX,FOODS,FOODS_3,FOODS_3_142,2015-11,12,3.98,8,3,True,47.76
TX_2,TX,FOODS,FOODS_3,FOODS_3_142,2015-12,14,3.98,8,5,True,55.72
TX_2,TX,FOODS,FOODS_3,FOODS_3_142,2016-01,27,3.98,14,4,True,107.46
TX_2,TX,FOODS,FOODS_3,FOODS_3_142,2016-02,15,3.98,11,3,True,59.7
TX_2,TX,FOODS,FOODS_3,FOODS_3_142,2016-03,24,3.98,11,5,True,95.52
TX_2,TX,FOODS,FOODS_3,FOODS_3_142,2016-04,12,3.98,6,3,False,47.76
TX_2,TX,FOODS,FOODS_3,FOODS_3_293,2015-04,6,1.98,4,3,False,11.88
TX_2,TX,FOODS,FOODS_3,FOODS_3_293,2015-05,9,1.98,8,2,True,17.82
TX_2,TX,FOODS,FOODS_3,FOODS_3_293,2015-06,2,1.98,2,1,True,3.96
TX_2,TX,FOODS,FOODS_3,FOODS_3_293,2015-07,24,1.98,11,7,True,47.52
TX_2,TX,FOODS,FOODS_3,FOODS_3_293,2015-08,14,1.98,10,4,False,27.72
TX_2,TX,FOODS,FOODS_3,FOODS_3_293,2015-09,11,1.98,8,2,True,21.78
TX_2,TX,FOODS,FOODS_3,FOODS_3_293,2015-10,16,1.98,10,3,True,31.68
TX_2,TX,FOODS,FOODS_3,FOODS_3_293,2015-11,9,1.98,5,3,True,17.82
TX_2,TX,FOODS,FOODS_3,FOODS_3_293,2015-12,6,1.98,5,2,True,11.88
TX_2,TX,FOODS,FOODS_3,FOODS_3_293,2016-01,10,1.98,6,3,True,19.8
TX_2,TX,FOODS,FOODS_3,FOODS_3_293,2016-02,3,1.98,3,1,True,5.94
TX_2,TX,FOODS,FOODS_3,FOODS_3_293,2016-03,19,1.98,9,5,True,37.62
TX_2,TX,FOODS,FOODS_3,FOODS_3_293,2016-04,5,1.98,3,2,False,9.9
TX_2,TX,FOODS,FOODS_3,FOODS_3_525,2015-04,10,2.0,5,3,False,20.0
TX_2,TX,FOODS,FOODS_3,FOODS_3_525,2015-05,42,2.0,22,5,True,84.0
TX_2,TX,FOODS,FOODS_3,FOODS_3_525,2015-06,57,2.0,27,7,True,114.0
TX_2,TX,FOODS,FOODS_3,FOODS_3_525,2015-07,116,2.0,31,8,True,232.0
TX_2,TX,FOODS,FOODS_3,FOODS_3_525,2015-08,78,2.0,30,6,False,156.0
TX_2,TX,FOODS,FOODS_3,FOODS_3_525,2015-09,73,2.0,24,8,True,146.0
TX_2,TX,FOODS,FOODS_3,FOODS_3_525,2015-10,49,2.0,25,4,True,98.0
TX_2,TX,FOODS,FOODS_3,FOODS_3_525,2015-11,29,2.0,19,3,True,58.0
TX_2,TX,FOODS,FOODS_3,FOODS_3_525,2015-12,54,2.0,21,5,True,108.0
TX_2,TX,FOODS,FOODS_3,FOODS_3_525,2016-01,43,2.0,22,4,True,86.0
TX_2,TX,FOODS,FOODS_3,FOODS_3_525,2016-02,44,2.0,22,5,True,88.0
TX_2,TX,FOODS,FOODS_3,FOODS_3_525,2016-03,12,2.0,6,3,True,24.0
TX_2,TX,FOODS,FOODS_3,FOODS_3_525,2016-04,66,2.0,18,10,False,132.0
TX_2,TX,HOBBIES,HOBBIES_1,HOBBIES_1_242,2015-04,5,2.5,3,3,False,12.5
TX_2,TX,HOBBIES,HOBBIES_1,HOBBIES_1_242,2015-05,24,2.5,12,5,True,60.0
TX_2,TX,HOBBIES,HOBBIES_1,HOBBIES_1_242,2015-06,22,2.5,11,7,True,55.0
TX_2,TX,HOBBIES,HOBBIES_1,HOBBIES_1_242,2015-07,18,2.5,12,4,True,45.0
TX_2,TX,HOBBIES,HOBBIES_1,HOBBIES_1_242,2015-08,18,2.5,13,3,False,45.0
TX_2,TX,HOBBIES,HOBBIES_1,HOBBIES_1_242,2015-09,25,2.5,15,3,True,62.5
TX_2,TX,HOBBIES,HOBBIES_1,HOBBIES_1_242,2015-10,25,2.5,14,6,True,62.5
TX_2,TX,HOBBIES,HOBBIES_1,HOBBIES_1_242,2015-11,8,2.5,7,2,True,20.0
TX_2,TX,HOBBIES,HOBBIES_1,HOBBIES_1_242,2015-12,17,2.5,12,3,True,42.5
TX_2,TX,HOBBIES,HOBBIES_1,HOBBIES_1_242,2016-01,19,2.5,9,7,True,47.5
TX_2,TX,HOBBIES,HOBBIES_1,HOBBIES_1_242,2016-02,17,2.5,12,4,True,42.5
TX_2,TX,HOBBIES,HOBBIES_1,HOBBIES_1_242,2016-03,14,2.5,10,4,True,35.0
TX_2,TX,HOBBIES,HOBBIES_1,HOBBIES_1_242,2016-04,18,2.5,11,4,False,45.0
TX_2,TX,HOBBIES,HOBBIES_2,HOBBIES_2_071,2015-05,11,0.97,8,2,True,10.67
TX_2,TX,HOBBIES,HOBBIES_2,HOBBIES_2_071,2015-06,23,0.97,10,5,True,22.31
TX_2,TX,HOBBIES,HOBBIES_2,HOBBIES_2_071,2015-07,11,0.97,9,2,True,10.67
TX_2,TX,HOBBIES,HOBBIES_2,HOBBIES_2_071,2015-08,14,0.97,8,4,False,13.58
TX_2,TX,HOBBIES,HOBBIES_2,HOBBIES_2_071,2015-09,18,0.97,11,4,True,17.46
TX_2,TX,HOBBIES,HOBBIES_2,HOBBIES_2_071,2015-10,16,0.97,9,4,True,15.52
TX_2,TX,HOBBIES,HOBBIES_2,HOBBIES_2_071,2015-11,11,0.97,9,2,True,10.67
TX_2,TX,HOBBIES,HOBBIES_2,HOBBIES_2_071,2015-12,17,0.97,12,2,True,16.49
TX_2,TX,HOBBIES,HOBBIES_2,HOBBIES_2_071,2016-01,10,0.97,7,2,True,9.7
TX_2,TX,HOBBIES,HOBBIES_2,HOBBIES_2_071,2016-02,13,0.97,8,3,True,12.61
TX_2,TX,HOBBIES,HOBBIES_2,HOBBIES_2_071,2016-03,14,0.97,10,3,True,13.58
TX_2,TX,HOBBIES,HOBBIES_2,HOBBIES_2_071,2016-04,7,0.97,5,2,False,6.79
TX_2,TX,HOBBIES,HOBBIES_2,HOBBIES_2_108,2015-08,6,2.97,4,3,False,17.82
TX_2,TX,HOBBIES,HOBBIES_2,HOBBIES_2_108,2015-09,8,2.97,6,3,True,23.76
TX_2,TX,HOBBIES,HOBBIES_2,HOBBIES_2_108,2015-10,4,2.97,3,2,True,11.88
TX_2,TX,HOBBIES,HOBBIES_2,HOBBIES_2_108,2015-11,1,2.97,1,1,True,2.97
TX_2,TX,HOBBIES,HOBBIES_2,HOBBIES_2_108,2015-12,5,2.97,4,2,True,14.85
TX_2,TX,HOBBIES,HOBBIES_2,HOBBIES_2_108,2016-01,2,2.97,2,1,True,5.94
TX_2,TX,HOBBIES,HOBBIES_2,HOBBIES_2_108,2016-02,4,2.97,4,1,True,11.88
TX_2,TX,HOBBIES,HOBBIES_2,HOBBIES_2_108,2016-03,8,2.97,5,2,True,23.76
TX_2,TX,HOBBIES,HOBBIES_2,HOBBIES_2_109,2015-05,12,0.97,10,2,True,11.64
TX_2,TX,HOBBIES,HOBBIES_2,HOBBIES_2_109,2015-06,16,0.97,11,4,True,15.52
TX_2,TX,HOBBIES,HOBBIES_2,HOBBIES_2_109,2015-07,16,0.97,11,4,True,15.52
TX_2,TX,HOBBIES,HOBBIES_2,HOBBIES_2_109,2015-08,16,0.97,12,2,False,15.52
TX_2,TX,HOBBIES,HOBBIES_2,HOBBIES_2_109,2015-09,9,0.97,8,2,True,8.73
TX_2,TX,HOBBIES,HOBBIES_2,HOBBIES_2_109,2015-10,25,0.97,16,3,True,24.25
TX_2,TX,HOBBIES,HOBBIES_2,HOBBIES_2_109,2015-11,10,0.97,7,2,True,9.7
TX_2,TX,HOBBIES,HOBBIES_2,HOBBIES_2_109,2015-12,15,0.97,11,3,True,14.55
TX_2,TX,HOBBIES,HOBBIES_2,HOBBIES_2_109,2016-01,10,0.97,10,1,True,9.7
TX_2,TX,HOBBIES,HOBBIES_2,HOBBIES_2_109,2016-02,21,0.97,14,3,True,20.37
TX_2,TX,HOBBIES,HOBBIES_2,HOBBIES_2_109,2016-03,21,0.97,14,3,True,20.37
TX_2,TX,HOBBIES,HOBBIES_2,HOBBIES_2_109,2016-04,11,0.97,6,3,False,10.67
TX_2,TX,HOBBIES,HOBBIES_2,HOBBIES_2_123,2015-04,1,0.5,1,1,False,0.5
TX_2,TX,HOBBIES,HOBBIES_2,HOBBIES_2_123,2015-05,11,0.5,6,4,True,5.5
TX_2,TX,HOBBIES,HOBBIES_2,HOBBIES_2_123,2015-06,3,0.5,3,1,True,1.5
TX_2,TX,HOBBIES,HOBBIES_2,HOBBIES_2_123,2015-07,2,0.5,2,1,True,1.0
TX_2,TX,HOBBIES,HOBBIES_2,HOBBIES_2_123,2015-08,9,0.5,9,1,False,4.5
TX_2,TX,HOBBIES,HOBBIES_2,HOBBIES_2_123,2015-09,10,0.5,8,2,True,5.0
TX_2,TX,HOBBIES,HOBBIES_2,HOBBIES_2_123,2015-10,19,0.5,11,4,True,9.5
TX_2,TX,HOBBIES,HOBBIES_2,HOBBIES_2_123,2015-11,15,0.5,12,3,True,7.5
TX_2,TX,HOBBIES,HOBBIES_2,HOBBIES_2_123,2015-12,6,0.5,5,2,True,3.0
TX_2,TX,HOBBIES,HOBBIES_2,HOBBIES_2_123,2016-02,4,0.5,4,1,True,2.0
TX_2,TX,HOBBIES,HOBBIES_2,HOBBIES_2_123,2016-03,7,0.5,7,1,True,3.5
TX_2,TX,HOBBIES,HOBBIES_2,HOBBIES_2_123,2016-04,1,0.5,1,1,False,0.5
TX_2,TX,HOUSEHOLD,HOUSEHOLD_1,HOUSEHOLD_1_033,2015-07,31,4.13,14,4,True,128.03
TX_2,TX,HOUSEHOLD,HOUSEHOLD_1,HOUSEHOLD_1_033,2015-08,46,3.97,22,6,False,182.62
TX_2,TX,HOUSEHOLD,HOUSEHOLD_1,HOUSEHOLD_1_033,2015-09,38,3.97,18,4,True,150.86
TX_2,TX,HOUSEHOLD,HOUSEHOLD_1,HOUSEHOLD_1_033,2015-10,58,3.97,22,6,True,230.26
TX_2,TX,HOUSEHOLD,HOUSEHOLD_1,HOUSEHOLD_1_033,2015-11,56,3.97,28,5,True,222.32
TX_2,TX,HOUSEHOLD,HOUSEHOLD_1,HOUSEHOLD_1_033,2015-12,38,3.97,20,4,True,150.86
TX_2,TX,HOUSEHOLD,HOUSEHOLD_1,HOUSEHOLD_1_033,2016-01,64,3.97,25,12,True,254.08
TX_2,TX,HOUSEHOLD,HOUSEHOLD_1,HOUSEHOLD_1_033,2016-02,58,3.97,24,5,True,230.26
TX_2,TX,HOUSEHOLD,HOUSEHOLD_1,HOUSEHOLD_1_033,2016-03,49,3.97,27,7,True,194.53
TX_2,TX,HOUSEHOLD,HOUSEHOLD_1,HOUSEHOLD_1_033,2016-04,5,3.97,3,2,False,19.85
TX_2,TX,HOUSEHOLD,HOUSEHOLD_1,HOUSEHOLD_1_360,2015-04,3,3.96,2,2,False,11.88
TX_2,TX,HOUSEHOLD,HOUSEHOLD_1,HOUSEHOLD_1_360,2015-05,18,3.96,11,7,True,71.28
TX_2,TX,HOUSEHOLD,HOUSEHOLD_1,HOUSEHOLD_1_360,2015-06,10,3.96,8,2,True,39.6
TX_2,TX,HOUSEHOLD,HOUSEHOLD_1,HOUSEHOLD_1_360,2015-07,18,3.96,7,8,True,71.28
TX_2,TX,HOUSEHOLD,HOUSEHOLD_1,HOUSEHOLD_1_360,2015-08,6,3.96,6,1,False,23.76
TX_2,TX,HOUSEHOLD,HOUSEHOLD_1,HOUSEHOLD_1_360,2015-09,5,3.96,4,2,True,19.8
TX_2,TX,HOUSEHOLD,HOUSEHOLD_1,HOUSEHOLD_1_360,2015-10,20,3.96,7,8,True,79.2
TX_2,TX,HOUSEHOLD,HOUSEHOLD_1,HOUSEHOLD_1_360,2015-11,11,3.96,9,2,True,43.56
TX_2,TX,HOUSEHOLD,HOUSEHOLD_1,HOUSEHOLD_1_360,2015-12,10,3.96,6,4,True,39.6
TX_2,TX,HOUSEHOLD,HOUSEHOLD_1,HOUSEHOLD_1_360,2016-01,2,3.96,2,1,True,7.92
TX_2,TX,HOUSEHOLD,HOUSEHOLD_1,HOUSEHOLD_1_360,2016-02,3,3.96,3,1,True,11.88
TX_2,TX,HOUSEHOLD,HOUSEHOLD_1,HOUSEHOLD_1_360,2016-03,8,3.96,7,2,True,31.68
TX_2,TX,HOUSEHOLD,HOUSEHOLD_1,HOUSEHOLD_1_360,2016-04,1,3.96,1,1,False,3.96
TX_2,TX,HOUSEHOLD,HOUSEHOLD_2,HOUSEHOLD_2_029,2015-05,6,9.96,5,2,True,59.76
TX_2,TX,HOUSEHOLD,HOUSEHOLD_2,HOUSEHOLD_2_029,2015-06,2,10.24,2,1,True,20.48
TX_2,TX,HOUSEHOLD,HOUSEHOLD_2,HOUSEHOLD_2_029,2015-07,6,10.43,6,1,True,62.58
TX_2,TX,HOUSEHOLD,HOUSEHOLD_2,HOUSEHOLD_2_029,2015-08,2,10.43,2,1,False,20.86
TX_2,TX,HOUSEHOLD,HOUSEHOLD_2,HOUSEHOLD_2_029,2015-09,3,10.43,3,1,True,31.29
TX_2,TX,HOUSEHOLD,HOUSEHOLD_2,HOUSEHOLD_2_029,2015-10,3,10.43,3,1,True,31.29
TX_2,TX,HOUSEHOLD,HOUSEHOLD_2,HOUSEHOLD_2_029,2015-11,3,10.43,3,1,True,31.29
TX_2,TX,HOUSEHOLD,HOUSEHOLD_2,HOUSEHOLD_2_029,2015-12,12,10.43,8,2,True,125.16
TX_2,TX,HOUSEHOLD,HOUSEHOLD_2,HOUSEHOLD_2_029,2016-02,6,10.43,6,1,True,62.58
TX_2,TX,HOUSEHOLD,HOUSEHOLD_2,HOUSEHOLD_2_029,2016-03,8,10.43,7,2,True,83.44
TX_2,TX,HOUSEHOLD,HOUSEHOLD_2,HOUSEHOLD_2_029,2016-04,1,10.43,1,1,False,10.43
TX_2,TX,HOUSEHOLD,HOUSEHOLD_2,HOUSEHOLD_2_344,2015-04,3,5.92,3,1,False,17.76
TX_2,TX,HOUSEHOLD,HOUSEHOLD_2,HOUSEHOLD_2_344,2015-05,26,5.92,18,3,True,153.92
TX_2,TX,HOUSEHOLD,HOUSEHOLD_2,HOUSEHOLD_2_344,2015-06,31,5.92,20,4,True,183.52
TX_2,TX,HOUSEHOLD,HOUSEHOLD_2,HOUSEHOLD_2_344,2015-07,17,5.92,14,3,True,100.64
TX_2,TX,HOUSEHOLD,HOUSEHOLD_2,HOUSEHOLD_2_344,2015-08,6,5.92,5,2,False,35.52
TX_2,TX,HOUSEHOLD,HOUSEHOLD_2,HOUSEHOLD_2_344,2015-11,6,5.92,3,4,True,35.52
TX_2,TX,HOUSEHOLD,HOUSEHOLD_2,HOUSEHOLD_2_344,2015-12,8,5.92,6,2,True,47.36
TX_2,TX,HOUSEHOLD,HOUSEHOLD_2,HOUSEHOLD_2_344,2016-01,6,5.92,5,2,True,35.52
TX_2,TX,HOUSEHOLD,HOUSEHOLD_2,HOUSEHOLD_2_344,2016-02,3,5.92,3,1,True,17.76
TX_2,TX,HOUSEHOLD,HOUSEHOLD_2,HOUSEHOLD_2_344,2016-03,10,5.84,8,2,True,58.4
TX_2,TX,HOUSEHOLD,HOUSEHOLD_2,HOUSEHOLD_2_344,2016-04,19,5.74,13,4,False,109.06
TX_2,TX,HOUSEHOLD,HOUSEHOLD_2,HOUSEHOLD_2_450,2015-04,2,9.47,1,2,False,18.94
TX_2,TX,HOUSEHOLD,HOUSEHOLD_2,HOUSEHOLD_2_450,2015-05,8,9.47,6,2,True,75.76
TX_2,TX,HOUSEHOLD,HOUSEHOLD_2,HOUSEHOLD_2_450,2015-06,12,9.82,7,3,True,117.84
TX_2,TX,HOUSEHOLD,HOUSEHOLD_2,HOUSEHOLD_2_450,2015-07,6,10.43,5,2,True,62.58
TX_2,TX,HOUSEHOLD,HOUSEHOLD_2,HOUSEHOLD_2_450,2015-08,19,10.43,14,2,False,198.17
TX_2,TX,HOUSEHOLD,HOUSEHOLD_2,HOUSEHOLD_2_450,2015-09,12,10.43,12,1,True,125.16
TX_2,TX,HOUSEHOLD,HOUSEHOLD_2,HOUSEHOLD_2_450,2015-10,14,10.43,10,3,True,146.02
TX_2,TX,HOUSEHOLD,HOUSEHOLD_2,HOUSEHOLD_2_450,2015-11,23,10.43,15,5,True,239.89
TX_2,TX,HOUSEHOLD,HOUSEHOLD_2,HOUSEHOLD_2_450,2015-12,13,10.43,9,2,True,135.59
TX_2,TX,HOUSEHOLD,HOUSEHOLD_2,HOUSEHOLD_2_450,2016-01,9,10.43,8,2,True,93.87
TX_2,TX,HOUSEHOLD,HOUSEHOLD_2,HOUSEHOLD_2_450,2016-02,16,10.43,11,3,True,166.88
TX_2,TX,HOUSEHOLD,HOUSEHOLD_2,HOUSEHOLD_2_450,2016-03,14,10.43,10,3,True,146.02
TX_2,TX,HOUSEHOLD,HOUSEHOLD_2,HOUSEHOLD_2_450,2016-04,9,10.43,9,1,False,93.87
WI_1,WI,FOODS,FOODS_2,FOODS_2_380,2015-04,17,4.97,5,8,False,84.49
WI_1,WI,FOODS,FOODS_2,FOODS_2_380,2015-05,91,4.97,21,9,True,452.27
WI_1,WI,FOODS,FOODS_2,FOODS_2_380,2015-06,143,4.97,28,10,True,710.71
WI_1,WI,FOODS,FOODS_2,FOODS_2_380,2015-07,149,4.97,31,12,True,740.53
WI_1,WI,FOODS,FOODS_2,FOODS_2_380,2015-08,178,4.97,29,12,False,884.66
WI_1,WI,FOODS,FOODS_2,FOODS_2_380,2015-09,138,4.97,29,12,True,685.86
WI_1,WI,FOODS,FOODS_2,FOODS_2_380,2015-10,166,4.97,31,11,True,825.02
WI_1,WI,FOODS,FOODS_2,FOODS_2_380,2015-11,142,4.97,30,14,True,705.74
WI_1,WI,FOODS,FOODS_2,FOODS_2_380,2015-12,161,4.97,30,11,True,800.17
WI_1,WI,FOODS,FOODS_2,FOODS_2_380,2016-01,184,4.97,31,14,True,914.48
WI_1,WI,FOODS,FOODS_2,FOODS_2_380,2016-02,147,4.97,29,10,True,730.59
WI_1,WI,FOODS,FOODS_2,FOODS_2_380,2016-03,135,4.97,31,10,True,670.95
WI_1,WI,FOODS,FOODS_2,FOODS_2_380,2016-04,103,4.97,19,10,False,511.91
WI_1,WI,FOODS,FOODS_3,FOODS_3_017,2015-04,1,1.98,1,1,False,1.98
WI_1,WI,FOODS,FOODS_3,FOODS_3_017,2015-05,4,1.98,4,1,True,7.92
WI_1,WI,FOODS,FOODS_3,FOODS_3_017,2015-06,4,1.98,4,1,True,7.92
WI_1,WI,FOODS,FOODS_3,FOODS_3_017,2015-07,5,1.98,4,2,True,9.9
WI_1,WI,FOODS,FOODS_3,FOODS_3_017,2015-08,8,1.98,6,2,False,15.84
WI_1,WI,FOODS,FOODS_3,FOODS_3_017,2015-09,7,1.98,7,1,True,13.86
WI_1,WI,FOODS,FOODS_3,FOODS_3_017,2015-10,4,1.98,3,2,True,7.92
WI_1,WI,FOODS,FOODS_3,FOODS_3_017,2015-11,7,1.98,7,1,True,13.86
WI_1,WI,FOODS,FOODS_3,FOODS_3_017,2015-12,8,1.98,8,1,True,15.84
WI_1,WI,FOODS,FOODS_3,FOODS_3_017,2016-01,4,1.98,4,1,True,7.92
WI_1,WI,FOODS,FOODS_3,FOODS_3_017,2016-02,6,1.98,6,1,True,11.88
WI_1,WI,FOODS,FOODS_3,FOODS_3_017,2016-03,3,1.98,3,1,True,5.94
WI_1,WI,FOODS,FOODS_3,FOODS_3_017,2016-04,7,1.98,6,2,False,13.86
WI_1,WI,FOODS,FOODS_3,FOODS_3_142,2015-04,6,3.98,3,4,False,23.88
WI_1,WI,FOODS,FOODS_3,FOODS_3_142,2015-05,57,3.98,26,6,True,226.86
WI_1,WI,FOODS,FOODS_3,FOODS_3_142,2015-06,42,3.98,19,6,True,167.16
WI_1,WI,FOODS,FOODS_3,FOODS_3_142,2015-07,44,3.98,16,7,True,175.12
WI_1,WI,FOODS,FOODS_3,FOODS_3_142,2015-08,49,3.98,20,8,False,195.02
WI_1,WI,FOODS,FOODS_3,FOODS_3_142,2015-09,32,3.98,16,5,True,127.36
WI_1,WI,FOODS,FOODS_3,FOODS_3_142,2015-10,36,3.98,15,5,True,143.28
WI_1,WI,FOODS,FOODS_3,FOODS_3_142,2015-11,40,3.98,18,6,True,159.2
WI_1,WI,FOODS,FOODS_3,FOODS_3_142,2015-12,40,3.98,18,7,True,159.2
WI_1,WI,FOODS,FOODS_3,FOODS_3_142,2016-01,50,3.98,22,7,True,199.0
WI_1,WI,FOODS,FOODS_3,FOODS_3_142,2016-02,63,3.98,25,7,True,250.74
WI_1,WI,FOODS,FOODS_3,FOODS_3_142,2016-03,41,3.98,18,7,True,163.18
WI_1,WI,FOODS,FOODS_3,FOODS_3_142,2016-04,19,3.98,10,3,False,75.62
WI_1,WI,FOODS,FOODS_3,FOODS_3_293,2015-05,18,1.98,10,4,True,35.64
WI_1,WI,FOODS,FOODS_3,FOODS_3_293,2015-06,13,1.98,9,4,True,25.74
WI_1,WI,FOODS,FOODS_3,FOODS_3_293,2015-07,10,1.98,9,2,True,19.8
WI_1,WI,FOODS,FOODS_3,FOODS_3_293,2015-08,16,1.98,8,5,False,31.68
WI_1,WI,FOODS,FOODS_3,FOODS_3_293,2015-09,15,1.98,12,2,True,29.7
WI_1,WI,FOODS,FOODS_3,FOODS_3_293,2015-10,21,1.98,12,3,True,41.58
WI_1,WI,FOODS,FOODS_3,FOODS_3_293,2015-11,13,1.98,9,3,True,25.74
WI_1,WI,FOODS,FOODS_3,FOODS_3_293,2015-12,5,1.98,5,1,True,9.9
WI_1,WI,FOODS,FOODS_3,FOODS_3_293,2016-01,9,1.98,7,2,True,17.82
WI_1,WI,FOODS,FOODS_3,FOODS_3_293,2016-02,6,1.98,5,2,True,11.88
WI_1,WI,FOODS,FOODS_3,FOODS_3_293,2016-03,11,1.98,7,3,True,21.78
WI_1,WI,FOODS,FOODS_3,FOODS_3_293,2016-04,6,1.98,4,3,False,11.88
WI_1,WI,FOODS,FOODS_3,FOODS_3_525,2015-04,5,2.0,3,3,False,10.0
WI_1,WI,FOODS,FOODS_3,FOODS_3_525,2015-05,44,2.0,25,6,True,88.0
WI_1,WI,FOODS,FOODS_3,FOODS_3_525,2015-06,38,2.0,21,4,True,76.0
WI_1,WI,FOODS,FOODS_3,FOODS_3_525,2015-07,44,2.0,19,5,True,88.0
WI_1,WI,FOODS,FOODS_3,FOODS_3_525,2015-08,27,2.0,13,9,False,54.0
WI_1,WI,FOODS,FOODS_3,FOODS_3_525,2015-09,35,2.0,14,8,True,70.0
WI_1,WI,FOODS,FOODS_3,FOODS_3_525,2015-10,79,2.0,22,7,True,158.0
WI_1,WI,FOODS,FOODS_3,FOODS_3_525,2015-11,12,2.0,5,4,True,24.0
WI_1,WI,FOODS,FOODS_3,FOODS_3_525,2015-12,65,2.0,25,7,True,130.0
WI_1,WI,FOODS,FOODS_3,FOODS_3_525,2016-01,90,2.0,29,11,True,180.0
WI_1,WI,FOODS,FOODS_3,FOODS_3_525,2016-02,123,2.0,28,13,True,246.0
WI_1,WI,FOODS,FOODS_3,FOODS_3_525,2016-03,77,2.0,26,7,True,154.0
WI_1,WI,FOODS,FOODS_3,FOODS_3_525,2016-04,28,2.0,13,4,False,56.0
WI_1,WI,HOBBIES,HOBBIES_1,HOBBIES_1_242,2015-04,2,2.78,2,1,False,5.56
WI_1,WI,HOBBIES,HOBBIES_1,HOBBIES_1_242,2015-05,28,2.78,17,5,True,77.84
WI_1,WI,HOBBIES,HOBBIES_1,HOBBIES_1_242,2015-06,23,2.78,17,3,True,63.94
WI_1,WI,HOBBIES,HOBBIES_1,HOBBIES_1_242,2015-07,29,2.78,17,3,True,80.62
WI_1,WI,HOBBIES,HOBBIES_1,HOBBIES_1_242,2015-08,25,2.78,15,5,False,69.5
WI_1,WI,HOBBIES,HOBBIES_1,HOBBIES_1_242,2015-09,32,2.78,19,3,True,88.96
WI_1,WI,HOBBIES,HOBBIES_1,HOBBIES_1_242,2015-10,40,2.78,21,4,True,111.2
WI_1,WI,HOBBIES,HOBBIES_1,HOBBIES_1_242,2015-11,45,2.78,21,6,True,125.1
WI_1,WI,HOBBIES,HOBBIES_1,HOBBIES_1_242,2015-12,32,2.78,17,3,True,88.96
WI_1,WI,HOBBIES,HOBBIES_1,HOBBIES_1_242,2016-01,32,2.78,17,4,True,88.96
WI_1,WI,HOBBIES,HOBBIES_1,HOBBIES_1_242,2016-02,31,2.78,20,4,True,86.18
WI_1,WI,HOBBIES,HOBBIES_1,HOBBIES_1_242,2016-03,23,2.78,13,5,True,63.94
WI_1,WI,HOBBIES,HOBBIES_1,HOBBIES_1_242,2016-04,33,2.78,15,5,False,91.74
WI_1,WI,HOBBIES,HOBBIES_2,HOBBIES_2_071,2015-04,3,0.97,2,2,False,2.91
WI_1,WI,HOBBIES,HOBBIES_2,HOBBIES_2_071,2015-05,6,0.97,6,1,True,5.82
WI_1,WI,HOBBIES,HOBBIES_2,HOBBIES_2_071,2015-06,8,0.97,4,3,True,7.76
WI_1,WI,HOBBIES,HOBBIES_2,HOBBIES_2_071,2015-07,4,0.97,3,2,True,3.88
WI_1,WI,HOBBIES,HOBBIES_2,HOBBIES_2_071,2015-08,6,0.97,5,2,False,5.82
WI_1,WI,HOBBIES,HOBBIES_2,HOBBIES_2_071,2015-09,6,0.97,5,2,True,5.82
WI_1,WI,HOBBIES,HOBBIES_2,HOBBIES_2_071,2015-10,4,0.97,4,1,True,3.88
WI_1,WI,HOBBIES,HOBBIES_2,HOBBIES_2_071,2015-11,6,0.97,4,2,True,5.82
WI_1,WI,HOBBIES,HOBBIES_2,HOBBIES_2_071,2015-12,8,0.97,5,4,True,7.76
WI_1,WI,HOBBIES,HOBBIES_2,HOBBIES_2_071,2016-01,4,0.97,2,3,True,3.88
WI_1,WI,HOBBIES,HOBBIES_2,HOBBIES_2_071,2016-02,10,0.97,7,4,True,9.7
WI_1,WI,HOBBIES,HOBBIES_2,HOBBIES_2_071,2016-03,5,0.97,4,2,True,4.85
WI_1,WI,HOBBIES,HOBBIES_2,HOBBIES_2_071,2016-04,3,0.97,3,1,False,2.91
WI_1,WI,HOBBIES,HOBBIES_2,HOBBIES_2_108,2015-05,1,2.97,1,1,True,2.97
WI_1,WI,HOBBIES,HOBBIES_2,HOBBIES_2_108,2015-06,9,2.97,7,2,True,26.73
WI_1,WI,HOBBIES,HOBBIES_2,HOBBIES_2_108,2015-07,11,2.97,8,2,True,32.67
WI_1,WI,HOBBIES,HOBBIES_2,HOBBIES_2_108,2015-08,12,2.97,9,3,False,35.64
WI_1,WI,HOBBIES,HOBBIES_2,HOBBIES_2_108,2015-09,8,2.97,5,3,True,23.76
WI_1,WI,HOBBIES,HOBBIES_2,HOBBIES_2_108,2015-10,4,2.97,4,1,True,11.88
WI_1,WI,HOBBIES,HOBBIES_2,HOBBIES_2_108,2015-11,5,2.97,5,1,True,14.85
WI_1,WI,HOBBIES,HOBBIES_2,HOBBIES_2_108,2015-12,5,2.97,3,2,True,14.85
WI_1,WI,HOBBIES,HOBBIES_2,HOBBIES_2_108,2016-01,4,2.97,4,1,True,11.88
WI_1,WI,HOBBIES,HOBBIES_2,HOBBIES_2_108,2016-02,2,2.97,2,1,True,5.94
WI_1,WI,HOBBIES,HOBBIES_2,HOBBIES_2_108,2016-03,3,2.97,2,2,True,8.91
WI_1,WI,HOBBIES,HOBBIES_2,HOBBIES_2_108,2016-04,3,2.97,2,2,False,8.91
WI_1,WI,HOBBIES,HOBBIES_2,HOBBIES_2_109,2015-05,16,0.97,12,2,True,15.52
WI_1,WI,HOBBIES,HOBBIES_2,HOBBIES_2_109,2015-06,10,0.97,9,2,True,9.7
WI_1,WI,HOBBIES,HOBBIES_2,HOBBIES_2_109,2015-07,16,0.97,11,2,True,15.52
WI_1,WI,HOBBIES,HOBBIES_2,HOBBIES_2_109,2015-08,11,0.97,10,2,False,10.67
WI_1,WI,HOBBIES,HOBBIES_2,HOBBIES_2_109,2015-09,21,0.97,13,4,True,20.37
WI_1,WI,HOBBIES,HOBBIES_2,HOBBIES_2_109,2015-10,20,0.97,13,3,True,19.4
WI_1,WI,HOBBIES,HOBBIES_2,HOBBIES_2_109,2015-11,13,0.97,9,4,True,12.61
WI_1,WI,HOBBIES,HOBBIES_2,HOBBIES_2_109,2015-12,12,0.97,9,2,True,11.64
WI_1,WI,HOBBIES,HOBBIES_2,HOBBIES_2_109,2016-01,7,0.97,7,1,True,6.79
WI_1,WI,HOBBIES,HOBBIES_2,HOBBIES_2_109,2016-02,13,0.97,13,1,True,12.61
WI_1,WI,HOBBIES,HOBBIES_2,HOBBIES_2_109,2016-03,11,0.97,7,2,True,10.67
WI_1,WI,HOBBIES,HOBBIES_2,HOBBIES_2_109,2016-04,5,0.97,5,1,False,4.85
WI_1,WI,HOBBIES,HOBBIES_2,HOBBIES_2_123,2015-04,2,0.5,2,1,False,1.0
WI_1,WI,HOBBIES,HOBBIES_2,HOBBIES_2_123,2015-05,11,0.5,10,2,True,5.5
WI_1,WI,HOBBIES,HOBBIES_2,HOBBIES_2_123,2015-06,6,0.5,6,1,True,3.0
WI_1,WI,HOBBIES,HOBBIES_2,HOBBIES_2_123,2015-07,7,0.5,7,1,True,3.5
WI_1,WI,HOBBIES,HOBBIES_2,HOBBIES_2_123,2015-08,5,0.5,4,2,False,2.5
WI_1,WI,HOBBIES,HOBBIES_2,HOBBIES_2_123,2015-09,9,0.5,6,3,True,4.5
WI_1,WI,HOBBIES,HOBBIES_2,HOBBIES_2_123,2015-10,13,0.5,7,3,True,6.5
WI_1,WI,HOBBIES,HOBBIES_2,HOBBIES_2_123,2015-11,10,0.5,7,2,True,5.0
WI_1,WI,HOBBIES,HOBBIES_2,HOBBIES_2_123,2015-12,8,0.5,7,2,True,4.0
WI_1,WI,HOBBIES,HOBBIES_2,HOBBIES_2_123,2016-01,2,0.5,2,1,True,1.0
WI_1,WI,HOBBIES,HOBBIES_2,HOBBIES_2_123,2016-02,5,0.5,5,1,True,2.5
WI_1,WI,HOBBIES,HOBBIES_2,HOBBIES_2_123,2016-03,5,0.5,4,2,True,2.5
WI_1,WI,HOUSEHOLD,HOUSEHOLD_1,HOUSEHOLD_1_033,2015-07,50,4.13,16,6,True,206.5
WI_1,WI,HOUSEHOLD,HOUSEHOLD_1,HOUSEHOLD_1_033,2015-08,19,3.97,9,4,False,75.43
WI_1,WI,HOUSEHOLD,HOUSEHOLD_1,HOUSEHOLD_1_033,2015-09,54,3.97,22,5,True,214.38
WI_1,WI,HOUSEHOLD,HOUSEHOLD_1,HOUSEHOLD_1_033,2015-10,47,3.97,21,7,True,186.59
WI_1,WI,HOUSEHOLD,HOUSEHOLD_1,HOUSEHOLD_1_033,2015-11,49,3.97,19,5,True,194.53
WI_1,WI,HOUSEHOLD,HOUSEHOLD_1,HOUSEHOLD_1_033,2015-12,48,3.97,22,6,True,190.56
WI_1,WI,HOUSEHOLD,HOUSEHOLD_1,HOUSEHOLD_1_033,2016-01,48,3.97,22,7,True,190.56
WI_1,WI,HOUSEHOLD,HOUSEHOLD_1,HOUSEHOLD_1_033,2016-02,68,3.97,26,7,True,269.96
WI_1,WI,HOUSEHOLD,HOUSEHOLD_1,HOUSEHOLD_1_033,2016-03,56,3.97,25,5,True,222.32
WI_1,WI,HOUSEHOLD,HOUSEHOLD_1,HOUSEHOLD_1_033,2016-04,5,3.97,3,2,False,19.85
WI_1,WI,HOUSEHOLD,HOUSEHOLD_1,HOUSEHOLD_1_360,2015-04,2,3.96,2,1,False,7.92
WI_1,WI,HOUSEHOLD,HOUSEHOLD_1,HOUSEHOLD_1_360,2015-05,15,3.96,11,2,True,59.4
WI_1,WI,HOUSEHOLD,HOUSEHOLD_1,HOUSEHOLD_1_360,2015-06,9,3.96,6,3,True,35.64
WI_1,WI,HOUSEHOLD,HOUSEHOLD_1,HOUSEHOLD_1_360,2015-07,21,3.96,16,3,True,83.16
WI_1,WI,HOUSEHOLD,HOUSEHOLD_1,HOUSEHOLD_1_360,2015-08,15,3.96,9,3,False,59.4
WI_1,WI,HOUSEHOLD,HOUSEHOLD_1,HOUSEHOLD_1_360,2015-09,17,3.96,13,3,True,67.32
WI_1,WI,HOUSEHOLD,HOUSEHOLD_1,HOUSEHOLD_1_360,2015-10,10,3.96,9,2,True,39.6
WI_1,WI,HOUSEHOLD,HOUSEHOLD_1,HOUSEHOLD_1_360,2015-11,17,3.96,14,2,True,67.32
WI_1,WI,HOUSEHOLD,HOUSEHOLD_1,HOUSEHOLD_1_360,2015-12,10,3.96,9,2,True,39.6
WI_1,WI,HOUSEHOLD,HOUSEHOLD_1,HOUSEHOLD_1_360,2016-01,16,3.96,13,2,True,63.36
WI_1,WI,HOUSEHOLD,HOUSEHOLD_1,HOUSEHOLD_1_360,2016-02,11,3.96,9,2,True,43.56
WI_1,WI,HOUSEHOLD,HOUSEHOLD_1,HOUSEHOLD_1_360,2016-03,11,3.96,8,2,True,43.56
WI_1,WI,HOUSEHOLD,HOUSEHOLD_1,HOUSEHOLD_1_360,2016-04,7,3.96,6,2,False,27.72
WI_1,WI,HOUSEHOLD,HOUSEHOLD_2,HOUSEHOLD_2_029,2015-05,1,9.96,1,1,True,9.96
WI_1,WI,HOUSEHOLD,HOUSEHOLD_2,HOUSEHOLD_2_029,2015-06,3,10.13,3,1,True,30.39
WI_1,WI,HOUSEHOLD,HOUSEHOLD_2,HOUSEHOLD_2_029,2015-07,3,10.43,3,1,True,31.29
WI_1,WI,HOUSEHOLD,HOUSEHOLD_2,HOUSEHOLD_2_029,2015-08,2,10.43,2,1,False,20.86
WI_1,WI,HOUSEHOLD,HOUSEHOLD_2,HOUSEHOLD_2_029,2015-09,4,10.43,4,1,True,41.72
WI_1,WI,HOUSEHOLD,HOUSEHOLD_2,HOUSEHOLD_2_029,2015-10,7,10.43,5,2,True,73.01
WI_1,WI,HOUSEHOLD,HOUSEHOLD_2,HOUSEHOLD_2_029,2015-11,4,10.43,4,1,True,41.72
WI_1,WI,HOUSEHOLD,HOUSEHOLD_2,HOUSEHOLD_2_029,2015-12,7,10.43,7,1,True,73.01
WI_1,WI,HOUSEHOLD,HOUSEHOLD_2,HOUSEHOLD_2_029,2016-02,1,10.43,1,1,True,10.43
WI_1,WI,HOUSEHOLD,HOUSEHOLD_2,HOUSEHOLD_2_029,2016-03,4,10.43,4,1,True,41.72
WI_1,WI,HOUSEHOLD,HOUSEHOLD_2,HOUSEHOLD_2_029,2016-04,1,10.43,1,1,False,10.43
WI_1,WI,HOUSEHOLD,HOUSEHOLD_2,HOUSEHOLD_2_344,2015-05,1,5.92,1,1,True,5.92
WI_1,WI,HOUSEHOLD,HOUSEHOLD_2,HOUSEHOLD_2_344,2015-06,9,5.92,7,2,True,53.28
WI_1,WI,HOUSEHOLD,HOUSEHOLD_2,HOUSEHOLD_2_344,2015-07,11,5.92,11,1,True,65.12
WI_1,WI,HOUSEHOLD,HOUSEHOLD_2,HOUSEHOLD_2_344,2015-08,17,5.92,11,3,False,100.64
WI_1,WI,HOUSEHOLD,HOUSEHOLD_2,HOUSEHOLD_2_344,2015-09,1,5.92,1,1,True,5.92
WI_1,WI,HOUSEHOLD,HOUSEHOLD_2,HOUSEHOLD_2_344,2015-10,3,5.92,3,1,True,17.76
WI_1,WI,HOUSEHOLD,HOUSEHOLD_2,HOUSEHOLD_2_344,2015-11,6,5.92,5,2,True,35.52
WI_1,WI,HOUSEHOLD,HOUSEHOLD_2,HOUSEHOLD_2_344,2015-12,2,5.92,2,1,True,11.84
WI_1,WI,HOUSEHOLD,HOUSEHOLD_2,HOUSEHOLD_2_344,2016-01,1,5.92,1,1,True,5.92
WI_1,WI,HOUSEHOLD,HOUSEHOLD_2,HOUSEHOLD_2_344,2016-03,8,5.8,7,2,True,46.4
WI_1,WI,HOUSEHOLD,HOUSEHOLD_2,HOUSEHOLD_2_344,2016-04,6,5.74,3,2,False,34.44
WI_1,WI,HOUSEHOLD,HOUSEHOLD_2,HOUSEHOLD_2_450,2015-04,2,9.47,2,1,False,18.94
WI_1,WI,HOUSEHOLD,HOUSEHOLD_2,HOUSEHOLD_2_450,2015-05,15,9.47,12,2,True,142.05
WI_1,WI,HOUSEHOLD,HOUSEHOLD_2,HOUSEHOLD_2_450,2015-06,7,9.6,5,2,True,67.2
WI_1,WI,HOUSEHOLD,HOUSEHOLD_2,HOUSEHOLD_2_450,2015-07,15,10.43,10,3,True,156.45
WI_1,WI,HOUSEHOLD,HOUSEHOLD_2,HOUSEHOLD_2_450,2015-08,24,10.43,16,3,False,250.32
WI_1,WI,HOUSEHOLD,HOUSEHOLD_2,HOUSEHOLD_2_450,2015-09,15,10.43,11,3,True,156.45
WI_1,WI,HOUSEHOLD,HOUSEHOLD_2,HOUSEHOLD_2_450,2015-10,19,10.43,13,3,True,198.17
WI_1,WI,HOUSEHOLD,HOUSEHOLD_2,HOUSEHOLD_2_450,2015-11,22,10.43,13,3,True,229.46
WI_1,WI,HOUSEHOLD,HOUSEHOLD_2,HOUSEHOLD_2_450,2015-12,19,10.43,13,3,True,198.17
WI_1,WI,HOUSEHOLD,HOUSEHOLD_2,HOUSEHOLD_2_450,2016-01,20,10.43,12,3,True,208.6
WI_1,WI,HOUSEHOLD,HOUSEHOLD_2,HOUSEHOLD_2_450,2016-02,26,10.43,17,3,True,271.18
WI_1,WI,HOUSEHOLD,HOUSEHOLD_2,HOUSEHOLD_2_450,2016-03,20,10.43,14,3,True,208.6
WI_1,WI,HOUSEHOLD,HOUSEHOLD_2,HOUSEHOLD_2_450,2016-04,8,10.43,6,2,False,83.44
